cveID,dateAdded,vendorProject,product,cvss,epss,risk,exploit,ransomCampaign
CVE-2020-16017,2021-11-03,Google,Chrome,9.6,0.21415,Medium,No,Unknown
CVE-2021-31955,2021-11-03,Microsoft,Windows,5.5,0.04647,Medium,Yes,Unknown
CVE-2019-19781,2021-11-03,Citrix,"Application Delivery Controller (ADC), Gateway, and SD-WAN WANOP Appliance",9.8,0.94442,Critical,Yes,Known
CVE-2019-8394,2021-11-03,Zoho,ManageEngine,7.5,0.87276,High,Yes,Unknown
CVE-2021-22900,2021-11-03,Ivanti,Pulse Connect Secure,7.2,0.01642,Medium,No,Unknown
CVE-2021-30869,2021-11-03,Apple,"iOS, iPadOS, and macOS",7.8,0.01997,Medium,No,Unknown
CVE-2018-13379,2021-11-03,Fortinet,FortiOS,9.1,0.94475,Critical,Yes,Known
CVE-2020-1472,2021-11-03,Microsoft,Netlogon,5.5,0.9438,High,Yes,Known
CVE-2021-31201,2021-11-03,Microsoft,Enhanced Cryptographic Provider,5.2,0.01537,Medium,No,Unknown
CVE-2021-30116,2021-11-03,Kaseya,Virtual System/Server Administrator (VSA),10.0,0.4984,Medium,No,Known
CVE-2017-9805,2021-11-03,Apache,Struts,8.1,0.94322,High,Yes,Unknown
CVE-2012-3152,2021-11-03,Oracle,Fusion Middleware,9.1,0.93535,Critical,Yes,Unknown
CVE-2020-10987,2021-11-03,Tenda,AC1900 Router AC15 Model,9.8,0.93625,Critical,Yes,Unknown
CVE-2019-17558,2021-11-03,Apache,Solr,7.5,0.94474,High,Yes,Unknown
CVE-2020-10181,2021-11-03,Sumavision,Enhanced Multimedia Router (EMR),9.8,0.20551,Medium,No,Unknown
CVE-2019-3398,2021-11-03,Atlassian,Confluence Server and Data Center,8.8,0.93863,High,Yes,Unknown
CVE-2020-27950,2021-11-03,Apple,Multiple Products,5.5,0.46919,Medium,Yes,Unknown
CVE-2018-4878,2021-11-03,Adobe,Flash Player,9.8,0.93434,Critical,Yes,Known
CVE-2020-8260,2021-11-03,Ivanti,Pulse Connect Secure,7.2,0.75303,High,No,Unknown
CVE-2021-22205,2021-11-03,GitLab,Community and Enterprise Editions,10.0,0.94467,Critical,Yes,Unknown
CVE-2021-22506,2021-11-03,Micro Focus,Micro Focus Access Manager,7.5,0.10545,Medium,No,Unknown
CVE-2020-11738,2021-11-03,WordPress,Snap Creek Duplicator Plugin,7.5,0.94278,High,Yes,Unknown
CVE-2020-3118,2021-11-03,Cisco,IOS XR,8.8,0.00294,Medium,No,Unknown
CVE-2021-36741,2021-11-03,Trend Micro,"Apex One, Apex One as a Service, and Worry-Free Business Security",8.8,0.00582,Medium,No,Unknown
CVE-2021-30666,2021-11-03,Apple,iOS,8.8,0.01497,Medium,No,Unknown
CVE-2020-29557,2021-11-03,D-Link,DIR-825 R1 Devices,9.8,0.89773,High,No,Unknown
CVE-2021-1871,2021-11-03,Apple,"iOS, iPadOS, and macOS",9.8,0.00855,Medium,No,Unknown
CVE-2021-37976,2021-11-03,Google,Chromium,6.5,0.08331,Medium,No,Unknown
CVE-2019-9978,2021-11-03,WordPress,Social Warfare Plugin,6.1,0.87475,High,Yes,Unknown
CVE-2021-22899,2021-11-03,Ivanti,Pulse Connect Secure,8.8,0.37999,Medium,No,Unknown
CVE-2020-15999,2021-11-03,Google,Chrome FreeType,9.6,0.92905,Critical,Yes,Unknown
CVE-2020-4006,2021-11-03,VMware,Multiple Products,9.1,0.11672,Medium,No,Unknown
CVE-2019-0808,2021-11-03,Microsoft,Win32k,7.8,0.74238,High,Yes,Unknown
CVE-2017-5638,2021-11-03,Apache,Struts,9.8,0.94267,Critical,Yes,Known
CVE-2021-28663,2021-11-03,Arm,Mali Graphics Processing Unit (GPU),8.8,0.02417,Medium,Yes,Unknown
CVE-2020-3569,2021-11-03,Cisco,IOS XR,8.6,0.16091,Medium,No,Unknown
CVE-2020-4430,2021-11-03,IBM,Data Risk Manager,4.3,0.84293,Medium,No,Unknown
CVE-2020-0683,2021-11-03,Microsoft,Windows,7.8,0.32732,Medium,Yes,Unknown
CVE-2020-8599,2021-11-03,Trend Micro,Apex One and OfficeScan,9.8,0.5786,High,No,Unknown
CVE-2021-20023,2021-11-03,SonicWall,SonicWall Email Security,4.9,0.4268,Low,No,Known
CVE-2020-1464,2021-11-03,Microsoft,Windows,7.8,0.11407,Medium,Yes,Unknown
CVE-2021-26084,2021-11-03,Atlassian,Confluence Server and Data Center,9.8,0.9444,Critical,Yes,Known
CVE-2021-23874,2021-11-03,McAfee,McAfee Total Protection (MTP),8.2,0.00853,Medium,No,Unknown
CVE-2020-7961,2021-11-03,Liferay,Liferay Portal,9.8,0.94352,Critical,Yes,Unknown
CVE-2016-3643,2021-11-03,SolarWinds,Virtualization Manager,7.8,0.05418,Medium,Yes,Unknown
CVE-2016-3976,2021-11-03,SAP,NetWeaver,7.5,0.81466,High,Yes,Unknown
CVE-2020-11651,2021-11-03,SaltStack,Salt,9.8,0.94421,Critical,Yes,Unknown
CVE-2020-6287,2021-11-03,SAP,NetWeaver,10.0,0.94395,Critical,Yes,Unknown
CVE-2020-17087,2021-11-03,Microsoft,Windows,7.8,0.17833,Medium,Yes,Unknown
CVE-2016-0167,2021-11-03,Microsoft,Win32k,7.8,0.07346,Medium,No,Known
CVE-2021-35464,2021-11-03,ForgeRock,Access Management (AM),9.8,0.94386,Critical,Yes,Known
CVE-2021-22894,2021-11-03,Ivanti,Pulse Connect Secure,8.8,0.5062,High,No,Unknown
CVE-2021-31199,2021-11-03,Microsoft,Enhanced Cryptographic Provider,5.2,0.00981,Medium,No,Unknown
CVE-2020-4427,2021-11-03,IBM,Data Risk Manager,9.8,0.90345,Critical,No,Unknown
CVE-2021-27104,2021-11-03,Accellion,FTA,9.8,0.02442,Medium,No,Known
CVE-2018-6789,2021-11-03,Exim,Exim,9.8,0.86439,High,Yes,Known
CVE-2021-38003,2021-11-03,Google,Chromium V8,8.8,0.74804,High,Yes,Unknown
CVE-2019-0863,2021-11-03,Microsoft,Windows,7.8,0.07271,Medium,Yes,Unknown
CVE-2019-16256,2021-11-03,SIMalliance,Toolbox Browser,9.8,0.61187,High,No,Unknown
CVE-2021-38649,2021-11-03,Microsoft,Open Management Infrastructure (OMI),7.0,0.06512,Medium,No,Unknown
CVE-2018-0296,2021-11-03,Cisco,Adaptive Security Appliance (ASA),7.5,0.94404,High,Yes,Unknown
CVE-2021-37975,2021-11-03,Google,Chromium V8,8.8,0.62947,High,Yes,Unknown
CVE-2021-20016,2021-11-03,SonicWall,SSLVPN SMA100,9.8,0.79818,High,No,Known
CVE-2020-1040,2021-11-03,Microsoft,Hyper-V RemoteFX,9.0,0.00178,Medium,No,Unknown
CVE-2020-27930,2021-11-03,Apple,Multiple Products,7.8,0.47173,Medium,Yes,Unknown
CVE-2021-30761,2021-11-03,Apple,iOS,8.8,0.0037,Medium,No,Unknown
CVE-2021-1906,2021-11-03,Qualcomm,Multiple Chipsets,6.2,0.00149,Medium,Yes,Unknown
CVE-2021-28310,2021-11-03,Microsoft,Win32k,7.8,0.52619,High,Yes,Unknown
CVE-2017-8759,2021-11-03,Microsoft,.NET Framework,7.8,0.93965,High,Yes,Unknown
CVE-2020-14883,2021-11-03,Oracle,WebLogic Server,7.2,0.94439,High,Yes,Unknown
CVE-2021-30633,2021-11-03,Google,Chromium Indexed DB API,9.6,0.38157,Medium,No,Unknown
CVE-2021-41773,2021-11-03,Apache,HTTP Server,7.5,0.94377,High,Yes,Known
CVE-2021-31755,2021-11-03,Tenda,AC11 Router,9.8,0.94261,Critical,Yes,Unknown
CVE-2021-21985,2021-11-03,VMware,vCenter Server,9.8,0.94412,Critical,Yes,Known
CVE-2021-26411,2021-11-03,Microsoft,Internet Explorer,8.8,0.92473,High,Yes,Known
CVE-2020-8655,2021-11-03,EyesOfNetwork,EyesOfNetwork,7.8,0.81622,High,Yes,Unknown
CVE-2021-1732,2021-11-03,Microsoft,Win32k,7.8,0.90423,High,Yes,Known
CVE-2019-0803,2021-11-03,Microsoft,Win32k,7.8,0.90302,High,Yes,Unknown
CVE-2020-9819,2021-11-03,Apple,"iOS, iPadOS, and watchOS",4.3,0.00196,Low,No,Unknown
CVE-2021-26858,2021-11-03,Microsoft,Exchange Server,7.8,0.55064,High,Yes,Known
CVE-2018-8653,2021-11-03,Microsoft,Internet Explorer,7.5,0.22985,Medium,No,Unknown
CVE-2020-8657,2021-11-03,EyesOfNetwork,EyesOfNetwork,9.8,0.86393,High,Yes,Unknown
CVE-2020-8644,2021-11-03,PlaySMS,PlaySMS,9.8,0.92716,Critical,Yes,Unknown
CVE-2021-37973,2021-11-03,Google,Chromium Portals,9.6,0.06371,Medium,No,Unknown
CVE-2021-34527,2021-11-03,Microsoft,Windows,8.8,0.94274,High,Yes,Known
CVE-2020-6207,2021-11-03,SAP,Solution Manager,9.8,0.94152,Critical,Yes,Unknown
CVE-2015-4852,2021-11-03,Oracle,WebLogic Server,9.8,0.92463,Critical,Yes,Unknown
CVE-2021-1879,2021-11-03,Apple,"iOS, iPadOS, and watchOS",6.1,0.01503,Medium,No,Unknown
CVE-2019-18988,2021-11-03,TeamViewer,Desktop,7.0,0.1041,Medium,Yes,Unknown
CVE-2017-9822,2021-11-03,DotNetNuke (DNN),DotNetNuke (DNN),8.8,0.94293,High,Yes,Known
CVE-2020-17530,2021-11-03,Apache,Struts,9.8,0.94362,Critical,Yes,Unknown
CVE-2020-6820,2021-11-03,Mozilla,Firefox and Thunderbird,8.1,0.04997,Medium,No,Unknown
CVE-2021-28664,2021-11-03,Arm,Mali Graphics Processing Unit (GPU),8.8,0.00153,Medium,Yes,Unknown
CVE-2020-0601,2021-11-03,Microsoft,Windows,8.1,0.94102,High,Yes,Unknown
CVE-2020-5902,2021-11-03,F5,BIG-IP,9.8,0.94426,Critical,Yes,Known
CVE-2020-1054,2021-11-03,Microsoft,Win32k,7.8,0.82335,High,Yes,Unknown
CVE-2017-9248,2021-11-03,Progress,ASP.NET AJAX and Sitefinity,9.8,0.87802,High,Yes,Unknown
CVE-2021-1675,2021-11-03,Microsoft,Windows,7.8,0.94314,High,Yes,Known
CVE-2021-27085,2021-11-03,Microsoft,Internet Explorer,8.8,0.01619,Medium,No,Unknown
CVE-2019-15752,2021-11-03,Docker,Desktop Community Edition,7.8,0.44567,Medium,Yes,Unknown
CVE-2018-0798,2021-11-03,Microsoft,Office,8.8,0.94056,High,Yes,Unknown
CVE-2020-1380,2021-11-03,Microsoft,Internet Explorer,7.8,0.91733,High,No,Unknown
CVE-2021-36742,2021-11-03,Trend Micro,"Apex One, Apex One as a Service, and Worry-Free Business Security",7.8,0.01869,Medium,No,Unknown
CVE-2019-5544,2021-11-03,VMware,VMware ESXi and Horizon DaaS,9.8,0.92688,Critical,Yes,Known
CVE-2017-0199,2021-11-03,Microsoft,Office and WordPad,7.8,0.94327,High,Yes,Known
CVE-2021-21017,2021-11-03,Adobe,Acrobat and Reader,8.8,0.90641,High,Yes,Unknown
CVE-2018-18325,2021-11-03,DotNetNuke (DNN),DotNetNuke (DNN),7.5,0.91084,High,Yes,Unknown
CVE-2021-20021,2021-11-03,SonicWall,SonicWall Email Security,9.8,0.90152,Critical,Yes,Known
CVE-2021-28550,2021-11-03,Adobe,Acrobat and Reader,8.8,0.32051,Medium,No,Unknown
CVE-2015-1641,2021-11-03,Microsoft,Office,7.8,0.93624,High,Yes,Unknown
CVE-2019-6223,2021-11-03,Apple,iOS and macOS,7.5,0.00165,Medium,No,Unknown
CVE-2021-30632,2021-11-03,Google,Chromium V8,8.8,0.84934,High,Yes,Unknown
CVE-2020-24557,2021-11-03,Trend Micro,"Apex One, OfficeScan, and Worry-Free Business Security",7.8,0.01876,Medium,No,Unknown
CVE-2020-12271,2021-11-03,Sophos,SFOS,9.8,0.88937,High,No,Known
CVE-2019-1653,2021-11-03,Cisco,Small Business RV320 and RV325 Routers,7.5,0.94378,High,Yes,Unknown
CVE-2017-7269,2021-11-03,Microsoft,Internet Information Services (IIS),9.8,0.94429,Critical,Yes,Unknown
CVE-2021-30858,2021-11-03,Apple,"iOS, iPadOS, and macOS",8.8,0.00794,Medium,Yes,Unknown
CVE-2021-27065,2021-11-03,Microsoft,Exchange Server,7.8,0.94256,High,Yes,Known
CVE-2020-14750,2021-11-03,Oracle,WebLogic Server,9.8,0.94438,Critical,Yes,Unknown
CVE-2020-3992,2021-11-03,VMware,ESXi,9.8,0.82694,High,Yes,Known
CVE-2021-20090,2021-11-03,Arcadyan,Buffalo Firmware,9.8,0.94401,Critical,Yes,Unknown
CVE-2021-27562,2021-11-03,Arm,Trusted Firmware,5.5,0.53151,High,No,Unknown
CVE-2018-11776,2021-11-03,Apache,Struts,8.1,0.94431,High,Yes,Unknown
CVE-2020-10199,2021-11-03,Sonatype,Nexus Repository,8.8,0.94379,High,Yes,Unknown
CVE-2021-31207,2021-11-03,Microsoft,Exchange Server,6.6,0.93908,High,Yes,Known
CVE-2021-36948,2021-11-03,Microsoft,Windows,7.8,0.00971,Medium,No,Unknown
CVE-2019-3396,2021-11-03,Atlassian,Confluence Server and Data Server,9.8,0.94471,Critical,Yes,Known
CVE-2021-22502,2021-11-03,Micro Focus,Operation Bridge Reporter (OBR),9.8,0.93981,Critical,No,Unknown
CVE-2020-17496,2021-11-03,vBulletin,vBulletin,9.8,0.94222,Critical,Yes,Unknown
CVE-2021-33771,2021-11-03,Microsoft,Windows,7.8,0.10647,Medium,No,Unknown
CVE-2019-0541,2021-11-03,Microsoft,MSHTML,8.8,0.80937,High,Yes,Unknown
CVE-2021-26855,2021-11-03,Microsoft,Exchange Server,9.1,0.94326,Critical,Yes,Known
CVE-2021-30762,2021-11-03,Apple,iOS,8.8,0.00049,Medium,No,Unknown
CVE-2021-36955,2021-11-03,Microsoft,Windows,7.8,0.23788,Medium,Yes,Known
CVE-2021-21206,2021-11-03,Google,Chromium Blink,8.8,0.21907,Medium,No,Unknown
CVE-2020-17144,2021-11-03,Microsoft,Exchange Server,8.4,0.92725,High,Yes,Unknown
CVE-2020-10148,2021-11-03,SolarWinds,Orion,9.8,0.94304,Critical,Yes,Unknown
CVE-2021-21166,2021-11-03,Google,Chromium,8.8,0.37976,Medium,No,Unknown
CVE-2020-6819,2021-11-03,Mozilla,Firefox and Thunderbird,8.1,0.00329,Medium,No,Unknown
CVE-2019-0708,2021-11-03,Microsoft,Remote Desktop Services,9.8,0.94456,Critical,Yes,Unknown
CVE-2021-38648,2021-11-03,Microsoft,Open Management Infrastructure (OMI),7.8,0.31792,Medium,No,Unknown
CVE-2021-22893,2021-11-03,Ivanti,Pulse Connect Secure,10.0,0.9349,Critical,Yes,Known
CVE-2019-4716,2021-11-03,IBM,Planning Analytics,9.8,0.91546,Critical,Yes,Unknown
CVE-2020-11652,2021-11-03,SaltStack,Salt,6.5,0.94265,High,Yes,Unknown
CVE-2021-1782,2021-11-03,Apple,Multiple Products,7.0,0.07901,Medium,Yes,Unknown
CVE-2018-2380,2021-11-03,SAP,Customer Relationship Management (CRM),6.6,0.45533,Medium,Yes,Known
CVE-2021-30860,2021-11-03,Apple,Multiple Products,7.8,0.72863,High,Yes,Unknown
CVE-2020-25506,2021-11-03,D-Link,DNS-320 Device,9.8,0.9384,Critical,No,Unknown
CVE-2019-19356,2021-11-03,Netis,WF2419 Devices,7.5,0.91088,High,Yes,Unknown
CVE-2019-9082,2021-11-03,ThinkPHP,ThinkPHP,8.8,0.94218,High,Yes,Unknown
CVE-2020-1020,2021-11-03,Microsoft,Windows,8.8,0.87984,High,Yes,Unknown
CVE-2018-20062,2021-11-03,ThinkPHP,noneCms,9.8,0.94307,Critical,Yes,Unknown
CVE-2021-1498,2021-11-03,Cisco,HyperFlex HX,9.8,0.94012,Critical,No,Unknown
CVE-2020-0938,2021-11-03,Microsoft,Windows,7.8,0.89406,High,No,Unknown
CVE-2021-30665,2021-11-03,Apple,Multiple Products,8.8,0.00654,Medium,No,Unknown
CVE-2014-1812,2021-11-03,Microsoft,Windows,8.8,0.79908,High,Yes,Unknown
CVE-2020-5735,2021-11-03,Amcrest,Cameras and Network Video Recorder (NVR),8.8,0.61634,High,Yes,Unknown
CVE-2020-29583,2021-11-03,Zyxel,Multiple Products,9.8,0.94367,Critical,Yes,Unknown
CVE-2021-22986,2021-11-03,F5,BIG-IP and BIG-IQ Centralized Management,9.8,0.94485,Critical,Yes,Known
CVE-2021-1497,2021-11-03,Cisco,HyperFlex HX,9.8,0.94396,Critical,Yes,Unknown
CVE-2021-42258,2021-11-03,BQE,BillQuick Web Suite,9.8,0.93664,Critical,No,Known
CVE-2017-11882,2021-11-03,Microsoft,Office,7.8,0.94384,High,Yes,Known
CVE-2021-27102,2021-11-03,Accellion,FTA,7.8,0.00383,Medium,No,Known
CVE-2020-8515,2021-11-03,DrayTek,Multiple Vigor Routers,9.8,0.94357,Critical,Yes,Unknown
CVE-2018-15961,2021-11-03,Adobe,ColdFusion,9.8,0.94393,Critical,Yes,Unknown
CVE-2019-5591,2021-11-03,Fortinet,FortiOS,6.5,0.56819,High,Yes,Unknown
CVE-2019-0604,2021-11-03,Microsoft,SharePoint,9.8,0.94441,Critical,Yes,Known
CVE-2018-7600,2021-11-03,Drupal,Drupal Core,9.8,0.94489,Critical,Yes,Known
CVE-2021-30713,2021-11-03,Apple,macOS,7.8,0.00142,Medium,No,Unknown
CVE-2021-27103,2021-11-03,Accellion,FTA,9.8,0.0213,Medium,No,Known
CVE-2019-0859,2021-11-03,Microsoft,Win32k,7.8,0.09881,Medium,Yes,Unknown
CVE-2019-2215,2021-11-03,Android,Android Kernel,7.8,0.49667,Medium,Yes,Unknown
CVE-2020-15505,2021-11-03,Ivanti,MobileIron Multiple Products,9.8,0.94388,Critical,No,Unknown
CVE-2020-10221,2021-11-03,rConfig,rConfig,8.8,0.91391,High,Yes,Unknown
CVE-2018-4939,2021-11-03,Adobe,ColdFusion,9.8,0.76803,High,No,Unknown
CVE-2021-21220,2021-11-03,Google,Chromium V8,8.8,0.92595,High,Yes,Unknown
CVE-2019-18187,2021-11-03,Trend Micro,OfficeScan,7.5,0.78453,High,No,Unknown
CVE-2021-30657,2021-11-03,Apple,macOS,5.5,0.76259,High,Yes,Unknown
CVE-2017-11774,2021-11-03,Microsoft,Office,7.8,0.82853,High,Yes,Unknown
CVE-2021-33742,2021-11-03,Microsoft,Windows,7.5,0.72116,High,No,Unknown
CVE-2016-3718,2021-11-03,ImageMagick,ImageMagick,5.5,0.83834,High,Yes,Unknown
CVE-2021-31979,2021-11-03,Microsoft,Windows,7.8,0.14365,Medium,No,Unknown
CVE-2021-38645,2021-11-03,Microsoft,Open Management Infrastructure (OMI),7.8,0.14607,Medium,No,Unknown
CVE-2019-16759,2021-11-03,vBulletin,vBulletin,9.8,0.94407,Critical,Yes,Unknown
CVE-2021-21193,2021-11-03,Google,Chromium Blink,8.8,0.148,Medium,Yes,Unknown
CVE-2021-1905,2021-11-03,Qualcomm,Multiple Chipsets,8.4,0.01054,Medium,Yes,Unknown
CVE-2020-0968,2021-11-03,Microsoft,Internet Explorer,7.5,0.33411,Medium,No,Unknown
CVE-2012-0158,2021-11-03,Microsoft,MSCOMCTL.OCX,8.8,0.94319,High,Yes,Unknown
CVE-2016-3715,2021-11-03,ImageMagick,ImageMagick,5.5,0.79798,High,Yes,Unknown
CVE-2020-8196,2021-11-03,Citrix,"Application Delivery Controller (ADC), Gateway, and SD-WAN WANOP Appliance",4.3,0.70664,Medium,Yes,Unknown
CVE-2019-17026,2021-11-03,Mozilla,Firefox and Thunderbird,8.8,0.64805,High,Yes,Unknown
CVE-2021-21972,2021-11-03,VMware,vCenter Server,9.8,0.93821,Critical,Yes,Known
CVE-2021-21148,2021-11-03,Google,Chromium V8,8.8,0.19904,Medium,Yes,Unknown
CVE-2021-33739,2021-11-03,Microsoft,Windows,8.4,0.19488,Medium,Yes,Unknown
CVE-2021-40539,2021-11-03,Zoho,ManageEngine,9.8,0.94424,Critical,Yes,Known
CVE-2020-14871,2021-11-03,Oracle,Solaris and Zettabyte File System (ZFS),10.0,0.88872,High,Yes,Unknown
CVE-2021-30663,2021-11-03,Apple,Multiple Products,8.8,0.01108,Medium,No,Unknown
CVE-2020-0986,2021-11-03,Microsoft,Windows,7.8,0.2065,Medium,No,Unknown
CVE-2021-20022,2021-11-03,SonicWall,SonicWall Email Security,7.2,0.32596,Medium,No,Known
CVE-2021-38647,2021-11-03,Microsoft,Open Management Infrastructure (OMI),9.8,0.94392,Critical,Yes,Known
CVE-2021-42013,2021-11-03,Apache,HTTP Server,9.8,0.9441,Critical,Yes,Known
CVE-2020-0688,2021-11-03,Microsoft,Exchange Server,8.8,0.94396,High,Yes,Known
CVE-2021-27101,2021-11-03,Accellion,FTA,9.8,0.00984,Medium,No,Known
CVE-2020-0674,2021-11-03,Microsoft,Internet Explorer,7.5,0.93656,High,Yes,Unknown
CVE-2021-35211,2021-11-03,SolarWinds,Serv-U,9.0,0.94321,Critical,Yes,Known
CVE-2020-0041,2021-11-03,Android,Android Kernel,7.8,0.23865,Medium,Yes,Unknown
CVE-2021-31956,2021-11-03,Microsoft,Windows,7.8,0.90724,High,Yes,Unknown
CVE-2021-34473,2021-11-03,Microsoft,Exchange Server,9.1,0.9423,Critical,Yes,Known
CVE-2020-14882,2021-11-03,Oracle,WebLogic Server,9.8,0.94454,Critical,Yes,Unknown
CVE-2021-30551,2021-11-03,Google,Chromium V8,8.8,0.80643,High,Yes,Unknown
CVE-2019-11510,2021-11-03,Ivanti,Pulse Connect Secure,10.0,0.94434,Critical,Yes,Known
CVE-2020-8467,2021-11-03,Trend Micro,Apex One and OfficeScan,8.8,0.30162,Medium,No,Unknown
CVE-2019-18935,2021-11-03,Progress,Telerik UI for ASP.NET AJAX,9.8,0.93583,Critical,Yes,Known
CVE-2020-6418,2021-11-03,Google,Chromium V8,8.8,0.85051,High,Yes,Unknown
CVE-2019-13608,2021-11-03,Citrix,StoreFront Server,7.5,0.75369,High,No,Known
CVE-2016-0185,2021-11-03,Microsoft,Windows,7.8,0.82752,High,Yes,Unknown
CVE-2020-16010,2021-11-03,Google,Chrome for Android UI,8.8,0.26319,Medium,No,Unknown
CVE-2020-5849,2021-11-03,Unraid,Unraid,7.5,0.93763,High,Yes,Unknown
CVE-2020-3952,2021-11-03,VMware,vCenter Server,9.8,0.94355,Critical,Yes,Unknown
CVE-2021-27059,2021-11-03,Microsoft,Office,7.6,0.02045,Medium,No,Unknown
CVE-2020-3580,2021-11-03,Cisco,Adaptive Security Appliance (ASA) and Firepower Threat Defense (FTD),6.1,0.92623,High,Yes,Known
CVE-2018-0802,2021-11-03,Microsoft,Office,7.8,0.93888,High,Yes,Unknown
CVE-2020-0878,2021-11-03,Microsoft,Edge and Internet Explorer,4.2,0.09821,Low,No,Known
CVE-2010-5326,2021-11-03,SAP,NetWeaver,10.0,0.16904,Medium,No,Unknown
CVE-2017-16651,2021-11-03,Roundcube,Roundcube Webmail,7.8,0.38274,Medium,Yes,Unknown
CVE-2017-6327,2021-11-03,Symantec,Symantec Messaging Gateway,8.8,0.77325,High,Yes,Unknown
CVE-2019-20085,2021-11-03,TVT,NVMS-1000,7.5,0.94186,High,Yes,Unknown
CVE-2020-3161,2021-11-03,Cisco,Cisco IP Phones,9.8,0.83148,High,Yes,Unknown
CVE-2021-26857,2021-11-03,Microsoft,Exchange Server,7.8,0.34542,Medium,Yes,Known
CVE-2020-26919,2021-11-03,NETGEAR,JGS516PE Devices,9.8,0.94178,Critical,No,Unknown
CVE-2018-14558,2021-11-03,Tenda,"AC7, AC9, and AC10 Routers",9.8,0.76772,High,No,Unknown
CVE-2019-15949,2021-11-03,Nagios,Nagios XI,8.8,0.87053,High,Yes,Unknown
CVE-2016-9563,2021-11-03,SAP,NetWeaver,6.5,0.58435,High,No,Unknown
CVE-2021-30554,2021-11-03,Google,Chromium WebGL,8.8,0.02094,Medium,No,Unknown
CVE-2021-1870,2021-11-03,Apple,"iOS, iPadOS, and macOS",9.8,0.01151,Medium,No,Unknown
CVE-2020-16013,2021-11-03,Google,Chromium V8,8.8,0.26139,Medium,No,Unknown
CVE-2016-3235,2021-11-03,Microsoft,Office,7.8,0.81164,High,Yes,Unknown
CVE-2021-34448,2021-11-03,Microsoft,Windows,6.8,0.02015,Medium,No,Unknown
CVE-2021-30661,2021-11-03,Apple,Multiple Products,8.8,0.00157,Medium,No,Unknown
CVE-2020-4428,2021-11-03,IBM,Data Risk Manager,9.1,0.92289,Critical,No,Unknown
CVE-2020-8193,2021-11-03,Citrix,"Application Delivery Controller (ADC), Gateway, and SD-WAN WANOP Appliance",6.5,0.94177,High,Yes,Unknown
CVE-2021-36942,2021-11-03,Microsoft,Windows,7.5,0.93551,High,No,Known
CVE-2019-11634,2021-11-03,Citrix,Workspace Application and Receiver for Windows,9.8,0.53412,High,No,Known
CVE-2021-30563,2021-11-03,Google,Chromium V8,8.8,0.03591,Medium,No,Unknown
CVE-2020-0646,2021-11-03,Microsoft,.NET Framework,9.8,0.93865,Critical,Yes,Unknown
CVE-2016-4437,2021-11-03,Apache,Shiro,9.8,0.94214,Critical,Yes,Unknown
CVE-2019-1215,2021-11-03,Microsoft,Windows,7.8,0.08083,Medium,Yes,Known
CVE-2021-30807,2021-11-03,Apple,Multiple Products,7.8,0.17401,Medium,Yes,Unknown
CVE-2020-10189,2021-11-03,Zoho,ManageEngine,9.8,0.94248,Critical,Yes,Unknown
CVE-2020-0069,2021-11-03,MediaTek,Multiple Chipsets,7.8,0.00708,Medium,Yes,Unknown
CVE-2018-15811,2021-11-03,DotNetNuke (DNN),DotNetNuke (DNN),7.5,0.91142,High,Yes,Unknown
CVE-2020-9818,2021-11-03,Apple,"iOS, iPadOS, and watchOS",8.8,0.00252,Medium,No,Unknown
CVE-2020-3950,2021-11-03,VMware,Multiple Products,7.8,0.19652,Medium,Yes,Unknown
CVE-2020-8468,2021-11-03,Trend Micro,"Apex One, OfficeScan and Worry-Free Business Security Agents",8.8,0.18378,Medium,No,Unknown
CVE-2021-22005,2021-11-03,VMware,vCenter Server,9.8,0.94457,Critical,Yes,Known
CVE-2021-21224,2021-11-03,Google,Chromium V8,8.8,0.54319,High,Yes,Unknown
CVE-2021-1647,2021-11-03,Microsoft,Defender,7.8,0.7775,High,Yes,Unknown
CVE-2020-2555,2021-11-03,Oracle,Multiple Products,9.8,0.93141,Critical,Yes,Unknown
CVE-2020-9859,2021-11-03,Apple,Multiple Products,7.8,0.00168,Medium,No,Unknown
CVE-2020-8243,2021-11-03,Ivanti,Pulse Connect Secure,7.2,0.21058,Medium,No,Unknown
CVE-2021-34523,2021-11-03,Microsoft,Exchange Server,9.0,0.93947,Critical,Yes,Known
CVE-2020-12812,2021-11-03,Fortinet,FortiOS,9.8,0.45022,Medium,No,Known
CVE-2019-11580,2021-11-03,Atlassian,Crowd and Crowd Data Center,9.8,0.94386,Critical,Yes,Unknown
CVE-2019-1214,2021-11-03,Microsoft,Windows,7.8,0.03681,Medium,No,Unknown
CVE-2020-8195,2021-11-03,Citrix,"Application Delivery Controller (ADC), Gateway, and SD-WAN WANOP Appliance",6.5,0.71441,High,Yes,Unknown
CVE-2020-16009,2021-11-03,Google,Chromium V8,8.8,0.84383,High,No,Unknown
CVE-2020-27932,2021-11-03,Apple,Multiple Products,7.8,0.113,Medium,No,Unknown
CVE-2020-16846,2021-11-03,SaltStack,Salt,9.8,0.94387,Critical,Yes,Unknown
CVE-2019-0211,2021-11-03,Apache,HTTP Server,7.8,0.89451,High,Yes,Unknown
CVE-2020-25213,2021-11-03,WordPress,File Manager Plugin,10.0,0.9442,Critical,Yes,Unknown
CVE-2016-7255,2021-11-03,Microsoft,Win32k,7.8,0.89359,High,Yes,Unknown
CVE-2021-35395,2021-11-03,Realtek,AP-Router SDK,9.8,0.93663,Critical,No,Unknown
CVE-2019-1367,2021-11-03,Microsoft,Internet Explorer,7.5,0.89782,High,Yes,Known
CVE-2019-11539,2021-11-03,Ivanti,Pulse Connect Secure and Pulse Policy Secure,7.2,0.93911,High,Yes,Known
CVE-2020-1350,2021-11-03,Microsoft,Windows,10.0,0.93822,Critical,Yes,Unknown
CVE-2019-0797,2021-11-03,Microsoft,Win32k,7.8,0.06091,Medium,No,Unknown
CVE-2019-7481,2021-11-03,SonicWall,SMA100,7.5,0.9438,High,No,Known
CVE-2020-5847,2021-11-03,Unraid,Unraid,9.8,0.93678,Critical,Yes,Unknown
CVE-2017-0143,2021-11-03,Microsoft,Windows,8.8,0.94022,High,Yes,Known
CVE-2020-1147,2021-11-03,Microsoft,".NET Framework, SharePoint, Visual Studio",7.8,0.9343,High,Yes,Unknown
CVE-2019-1429,2021-11-03,Microsoft,Internet Explorer,7.5,0.82293,High,Yes,Unknown
CVE-2020-3566,2021-11-03,Cisco,IOS XR,8.6,0.07174,Medium,Yes,Unknown
CVE-2020-3452,2021-11-03,Cisco,Adaptive Security Appliance (ASA) and Firepower Threat Defense (FTD),7.5,0.94452,High,Yes,Unknown
CVE-2021-27561,2021-11-03,Yealink,Device Management,9.8,0.94106,Critical,No,Unknown
CVE-2021-38000,2021-11-03,Google,Chromium Intents,6.1,0.03195,Medium,No,Unknown
CVE-2021-40444,2021-11-03,Microsoft,MSHTML,8.8,0.94332,High,Yes,Known
CVE-2018-0171,2021-11-03,Cisco,IOS and IOS XE,9.8,0.93123,Critical,Yes,Unknown
CVE-2021-42292,2021-11-17,Microsoft,Office,7.8,0.19101,Medium,Yes,Unknown
CVE-2021-40449,2021-11-17,Microsoft,Windows,7.8,0.91886,High,Yes,Known
CVE-2021-22204,2021-11-17,Perl,Exiftool,6.8,0.92761,High,Yes,Unknown
CVE-2021-42321,2021-11-17,Microsoft,Exchange,8.8,0.93422,High,Yes,Known
CVE-2021-37415,2021-12-01,Zoho,ManageEngine ServiceDesk Plus (SDP),9.8,0.91646,Critical,No,Unknown
CVE-2021-44077,2021-12-01,Zoho,ManageEngine ServiceDesk Plus (SDP) / SupportCenter Plus,9.8,0.943,Critical,Yes,Unknown
CVE-2020-11261,2021-12-01,Qualcomm,"Snapdragon Auto, Snapdragon Compute, Snapdragon Connectivity, Snapdragon Consumer IOT, Snapdragon Industrial IOT, Snapdragon Mobile, Snapdragon Voice & Music, Snapdragon Wearables",7.8,0.01142,Medium,No,Unknown
CVE-2021-40438,2021-12-01,Apache,Apache,9.0,0.94432,Critical,Yes,Unknown
CVE-2018-14847,2021-12-01,MikroTik,RouterOS,9.1,0.93645,Critical,Yes,Unknown
CVE-2019-13272,2021-12-10,Linux,Kernel,7.8,0.81252,High,Yes,Unknown
CVE-2017-17562,2021-12-10,Embedthis,GoAhead,8.1,0.94134,High,Yes,Unknown
CVE-2019-7238,2021-12-10,Sonatype,Nexus Repository Manager,9.8,0.94379,Critical,Yes,Unknown
CVE-2019-10758,2021-12-10,MongoDB,mongo-express,9.9,0.94361,Critical,Yes,Unknown
CVE-2017-12149,2021-12-10,Red Hat,JBoss Application Server,9.8,0.94294,Critical,Yes,Known
CVE-2021-44168,2021-12-10,Fortinet,FortiOS,3.3,0.01431,Low,Yes,Unknown
CVE-2021-44228,2021-12-10,Apache,Log4j2,10.0,0.94358,Critical,Yes,Known
CVE-2019-0193,2021-12-10,Apache,Solr,7.2,0.93202,High,Yes,Unknown
CVE-2021-44515,2021-12-10,Zoho,Desktop Central,9.8,0.94363,Critical,No,Unknown
CVE-2010-1871,2021-12-10,Red Hat,JBoss Seam 2,8.8,0.93788,High,Yes,Unknown
CVE-2020-17463,2021-12-10,Fuel CMS,Fuel CMS,9.8,0.15269,Medium,No,Unknown
CVE-2021-35394,2021-12-10,Realtek,Jungle Software Development Kit (SDK),9.8,0.9422,Critical,No,Unknown
CVE-2020-8816,2021-12-10,Pi-hole,AdminLTE,7.2,0.90775,High,Yes,Unknown
CVE-2021-4102,2021-12-15,Google,Chromium V8,8.8,0.05459,Medium,No,Unknown
CVE-2021-43890,2021-12-15,Microsoft,Windows,7.1,0.1924,Medium,No,Unknown
CVE-2021-27860,2022-01-10,FatPipe,"WARP, IPVPN, and MPVPN software",9.8,0.42561,Medium,No,Unknown
CVE-2020-6572,2022-01-10,Google,Chrome Media,8.8,0.19071,Medium,No,Unknown
CVE-2019-10149,2022-01-10,Exim,Mail Transfer Agent (MTA),9.8,0.93927,Critical,Yes,Unknown
CVE-2018-13382,2022-01-10,Fortinet,FortiOS and FortiProxy,9.1,0.86103,High,Yes,Known
CVE-2019-1458,2022-01-10,Microsoft,Win32k,7.8,0.92199,High,Yes,Known
CVE-2018-13383,2022-01-10,Fortinet,FortiOS and FortiProxy,4.3,0.01315,Low,No,Known
CVE-2019-9670,2022-01-10,Synacor,Zimbra Collaboration Suite (ZCS),9.8,0.9443,Critical,Yes,Unknown
CVE-2013-3900,2022-01-10,Microsoft,WinVerifyTrust function,5.5,0.80494,High,Yes,Unknown
CVE-2015-7450,2022-01-10,IBM,WebSphere Application Server and Server Hypervisor Edition,9.8,0.93487,Critical,Yes,Unknown
CVE-2019-7609,2022-01-10,Elastic,Kibana,10.0,0.94429,Critical,Yes,Unknown
CVE-2019-1579,2022-01-10,Palo Alto Networks,PAN-OS,8.1,0.93028,High,Yes,Known
CVE-2017-1000486,2022-01-10,Primetek,Primefaces Application,9.8,0.9373,Critical,Yes,Unknown
CVE-2021-36260,2022-01-10,Hikvision,Security cameras web server,9.8,0.94436,Critical,Yes,Unknown
CVE-2019-2725,2022-01-10,Oracle,WebLogic Server,9.8,0.9447,Critical,Yes,Known
CVE-2021-22017,2022-01-10,VMware,vCenter Server,5.3,0.75711,High,No,Unknown
CVE-2020-14864,2022-01-18,Oracle,Intelligence Enterprise Edition,7.5,0.94019,High,Yes,Unknown
CVE-2021-25296,2022-01-18,Nagios,Nagios XI,8.8,0.93708,High,No,Unknown
CVE-2021-22991,2022-01-18,F5,BIG-IP Traffic Management Microkernel,9.8,0.6626,High,No,Unknown
CVE-2021-21975,2022-01-18,VMware,vRealize Operations Manager API,7.5,0.9439,High,Yes,Known
CVE-2020-13927,2022-01-18,Apache,Airflow's Experimental API,9.8,0.94186,Critical,Yes,Unknown
CVE-2021-21315,2022-01-18,Npm package,System Information Library for Node.JS,7.1,0.93933,High,Yes,Unknown
CVE-2021-40870,2022-01-18,Aviatrix,Aviatrix Controller,9.8,0.94228,Critical,Yes,Unknown
CVE-2020-11978,2022-01-18,Apache,Airflow,8.8,0.94272,High,Yes,Unknown
CVE-2021-33766,2022-01-18,Microsoft,Exchange Server,7.3,0.93483,High,Yes,Unknown
CVE-2021-25298,2022-01-18,Nagios,Nagios XI,8.8,0.8035,High,No,Unknown
CVE-2021-32648,2022-01-18,October CMS,October CMS,8.2,0.92015,High,Yes,Unknown
CVE-2021-25297,2022-01-18,Nagios,Nagios XI,8.8,0.60589,High,No,Unknown
CVE-2020-13671,2022-01-18,Drupal,Drupal core,8.8,0.04504,Medium,No,Unknown
CVE-2018-8453,2022-01-21,Microsoft,Win32k,7.8,0.78157,High,Yes,Known
CVE-2021-35247,2022-01-21,SolarWinds,Serv-U,4.3,0.02918,Low,No,Unknown
CVE-2006-1547,2022-01-21,Apache,Struts 1,7.5,0.17326,Medium,No,Unknown
CVE-2012-0391,2022-01-21,Apache,Struts 2,9.8,0.89518,High,Yes,Unknown
CVE-2014-7169,2022-01-28,GNU,Bourne-Again Shell (Bash),9.8,0.8961,High,Yes,Unknown
CVE-2022-22587,2022-01-28,Apple,iOS and macOS,9.8,0.00373,Medium,No,Unknown
CVE-2020-0787,2022-01-28,Microsoft,Windows,7.8,0.70215,High,Yes,Known
CVE-2021-20038,2022-01-28,SonicWall,SMA 100 Appliances,9.8,0.94292,Critical,Yes,Known
CVE-2020-5722,2022-01-28,Grandstream,UCM6200,9.8,0.93481,Critical,Yes,Unknown
CVE-2014-6271,2022-01-28,GNU,Bourne-Again Shell (Bash),9.8,0.94213,Critical,Yes,Unknown
CVE-2014-1776,2022-01-28,Microsoft,Internet Explorer,9.8,0.78494,High,No,Unknown
CVE-2017-5689,2022-01-28,Intel,"Active Management Technology (AMT), Small Business Technology (SBT), and Standard Manageability",9.8,0.94254,Critical,Yes,Unknown
CVE-2022-21882,2022-02-04,Microsoft,Win32k,7.0,0.8724,High,Yes,Unknown
CVE-2017-0262,2022-02-10,Microsoft,Office,7.8,0.649,High,No,Unknown
CVE-2017-10271,2022-02-10,Oracle,WebLogic Server,7.5,0.94439,High,Yes,Known
CVE-2016-3088,2022-02-10,Apache,ActiveMQ,9.8,0.94294,Critical,Yes,Unknown
CVE-2015-1635,2022-02-10,Microsoft,HTTP.sys,9.8,0.9431,Critical,Yes,Unknown
CVE-2017-0145,2022-02-10,Microsoft,SMBv1,8.8,0.9329,High,Yes,Known
CVE-2015-1130,2022-02-10,Apple,OS X,7.8,0.21065,Medium,Yes,Unknown
CVE-2017-0144,2022-02-10,Microsoft,SMBv1,8.8,0.94318,High,Yes,Known
CVE-2017-8464,2022-02-10,Microsoft,Windows,8.8,0.93878,High,Yes,Unknown
CVE-2014-4404,2022-02-10,Apple,OS X,7.8,0.61995,High,Yes,Unknown
CVE-2020-0796,2022-02-10,Microsoft,SMBv3,10.0,0.94408,Critical,Yes,Known
CVE-2021-36934,2022-02-10,Microsoft,Windows,7.8,0.90897,High,Yes,Unknown
CVE-2018-1000861,2022-02-10,Jenkins,Jenkins Stapler Web Framework,9.8,0.94467,Critical,Yes,Unknown
CVE-2017-9791,2022-02-10,Apache,Struts 1,9.8,0.94239,Critical,Yes,Unknown
CVE-2017-0263,2022-02-10,Microsoft,Win32k,7.8,0.16096,Medium,Yes,Unknown
CVE-2015-2051,2022-02-10,D-Link,DIR-645 Router,9.8,0.93251,Critical,Yes,Unknown
CVE-2022-22620,2022-02-11,Apple,"iOS, iPadOS, and macOS",8.8,0.04022,Medium,Yes,Unknown
CVE-2018-20250,2022-02-15,RARLAB,WinRAR,7.8,0.93462,High,Yes,Known
CVE-2017-9841,2022-02-15,PHPUnit,PHPUnit,9.8,0.9416,Critical,Yes,Unknown
CVE-2019-0752,2022-02-15,Microsoft,Internet Explorer,7.5,0.92041,High,Yes,Known
CVE-2018-15982,2022-02-15,Adobe,Flash Player,9.8,0.93798,Critical,Yes,Known
CVE-2018-8174,2022-02-15,Microsoft,Windows,7.5,0.94283,High,Yes,Known
CVE-2014-1761,2022-02-15,Microsoft,Word,7.8,0.93158,High,Yes,Unknown
CVE-2022-24086,2022-02-15,Adobe,Commerce and Magento Open Source,9.8,0.93778,Critical,Yes,Unknown
CVE-2022-0609,2022-02-15,Google,Chromium Animation,8.8,0.47772,Medium,No,Unknown
CVE-2013-3906,2022-02-15,Microsoft,Graphics Component,7.8,0.9254,High,Yes,Unknown
CVE-2022-23134,2022-02-22,Zabbix,Frontend,3.7,0.93096,Medium,Yes,Unknown
CVE-2022-23131,2022-02-22,Zabbix,Frontend,9.1,0.94301,Critical,Yes,Unknown
CVE-2017-8570,2022-02-25,Microsoft,Office,7.8,0.94247,High,Yes,Unknown
CVE-2014-6352,2022-02-25,Microsoft,Windows,7.8,0.90732,High,Yes,Unknown
CVE-2017-0222,2022-02-25,Microsoft,Internet Explorer,8.8,0.61982,High,No,Unknown
CVE-2022-24682,2022-02-25,Synacor,Zimbra Collaborate Suite (ZCS),6.1,0.86588,High,No,Known
CVE-2013-0640,2022-03-03,Adobe,Reader and Acrobat,7.8,0.92545,High,Yes,Unknown
CVE-2013-3346,2022-03-03,Adobe,Reader and Acrobat,9.8,0.89914,High,Yes,Unknown
CVE-2018-0179,2022-03-03,Cisco,IOS Software,5.9,0.01503,Medium,No,Unknown
CVE-2012-1723,2022-03-03,Oracle,Java SE,9.8,0.93996,Critical,Yes,Known
CVE-2018-0156,2022-03-03,Cisco,IOS Software and Cisco IOS XE Software,7.5,0.12052,Medium,No,Unknown
CVE-2016-0099,2022-03-03,Microsoft,Windows,7.8,0.92,High,Yes,Known
CVE-2018-0174,2022-03-03,Cisco,IOS XE Software,8.6,0.04069,Medium,No,Unknown
CVE-2008-2992,2022-03-03,Adobe,Acrobat and Reader,7.8,0.93739,High,Yes,Unknown
CVE-2017-6740,2022-03-03,Cisco,IOS and IOS XE Software,8.8,0.2427,Medium,No,Unknown
CVE-2022-20701,2022-03-03,Cisco,"Small Business RV160, RV260, RV340, and RV345 Series Routers",10.0,0.06078,Medium,No,Unknown
CVE-2017-12319,2022-03-03,Cisco,IOS XE Software,5.9,0.00937,Medium,No,Unknown
CVE-2017-6744,2022-03-03,Cisco,IOS software,8.8,0.18984,Medium,No,Unknown
CVE-2018-0154,2022-03-03,Cisco,IOS Software,7.5,0.08958,Medium,No,Unknown
CVE-2016-1019,2022-03-03,Adobe,Flash Player,9.8,0.72382,High,Yes,Known
CVE-2017-8540,2022-03-03,Microsoft,Malware Protection Engine,7.8,0.84613,High,Yes,Unknown
CVE-2010-3333,2022-03-03,Microsoft,Office,7.8,0.9379,High,Yes,Unknown
CVE-2016-7193,2022-03-03,Microsoft,Office,7.8,0.71199,High,No,Unknown
CVE-2014-0496,2022-03-03,Adobe,Reader and Acrobat,9.8,0.7737,High,No,Unknown
CVE-2021-41379,2022-03-03,Microsoft,Windows,5.5,0.01716,Medium,Yes,Known
CVE-2017-12232,2022-03-03,Cisco,IOS software,6.5,0.00987,Medium,No,Unknown
CVE-2015-2424,2022-03-03,Microsoft,PowerPoint,8.8,0.84282,High,No,Unknown
CVE-2017-12240,2022-03-03,Cisco,IOS and IOS XE Software,9.8,0.07919,Medium,No,Unknown
CVE-2020-11899,2022-03-03,Treck TCP/IP stack,IPv6,5.4,0.3325,Medium,No,Unknown
CVE-2018-0155,2022-03-03,Cisco,Catalyst 4500 Series Switches and Cisco Catalyst 4500-X Series Switches,8.6,0.11218,Medium,No,Unknown
CVE-2016-5195,2022-03-03,Linux,Kernel,7.0,0.94176,High,Yes,Unknown
CVE-2019-1297,2022-03-03,Microsoft,Excel,8.8,0.30838,Medium,No,Unknown
CVE-2016-8562,2022-03-03,Siemens,SIMATIC CP,7.5,0.14581,Medium,No,Unknown
CVE-2013-3897,2022-03-03,Microsoft,Internet Explorer,8.8,0.90548,High,Yes,Unknown
CVE-2017-6627,2022-03-03,Cisco,IOS and IOS XE Software,7.5,0.1083,Medium,No,Unknown
CVE-2015-4902,2022-03-03,Oracle,Java SE,5.3,0.09044,Medium,No,Unknown
CVE-2016-7262,2022-03-03,Microsoft,Excel,7.8,0.87086,High,No,Unknown
CVE-2012-1856,2022-03-03,Microsoft,Office,8.8,0.91946,High,No,Unknown
CVE-2002-0367,2022-03-03,Microsoft,Windows,7.8,0.00791,Medium,Yes,Unknown
CVE-2011-0611,2022-03-03,Adobe,Flash Player,8.8,0.93736,High,Yes,Unknown
CVE-2017-12234,2022-03-03,Cisco,IOS software,7.5,0.06545,Medium,No,Unknown
CVE-2018-0158,2022-03-03,Cisco,IOS Software and Cisco IOS XE Software,8.6,0.11263,Medium,No,Unknown
CVE-2022-20703,2022-03-03,Cisco,"Small Business RV160, RV260, RV340, and RV345 Series Routers",10.0,0.02001,Medium,No,Unknown
CVE-2017-12231,2022-03-03,Cisco,IOS software,7.5,0.06802,Medium,No,Unknown
CVE-2018-8581,2022-03-03,Microsoft,Exchange Server,7.4,0.915,High,Yes,Known
CVE-2010-0188,2022-03-03,Adobe,Reader and Acrobat,7.8,0.93597,High,Yes,Known
CVE-2015-7645,2022-03-03,Adobe,Flash Player,7.8,0.85495,High,Yes,Unknown
CVE-2017-12233,2022-03-03,Cisco,IOS software,7.5,0.06545,Medium,No,Unknown
CVE-2016-4117,2022-03-03,Adobe,Flash Player,9.8,0.93118,Critical,Yes,Unknown
CVE-2017-11292,2022-03-03,Adobe,Flash Player,8.8,0.21236,Medium,No,Unknown
CVE-2018-8298,2022-03-03,ChakraCore,ChakraCore scripting engine,7.5,0.90143,High,Yes,Unknown
CVE-2017-12237,2022-03-03,Cisco,IOS and IOS XE Software,7.5,0.05315,Medium,No,Unknown
CVE-2018-0161,2022-03-03,Cisco,IOS Software,6.3,0.01658,Medium,No,Unknown
CVE-2020-1938,2022-03-03,Apache,Tomcat,9.8,0.94469,Critical,Yes,Unknown
CVE-2018-0173,2022-03-03,Cisco,IOS and IOS XE Software,8.6,0.04069,Medium,No,Unknown
CVE-2022-20699,2022-03-03,Cisco,"Small Business RV160, RV260, RV340, and RV345 Series Routers",10.0,0.8931,High,Yes,Unknown
CVE-2022-20700,2022-03-03,Cisco,"Small Business RV160, RV260, RV340, and RV345 Series Routers",10.0,0.2175,Medium,No,Unknown
CVE-2017-6737,2022-03-03,Cisco,IOS and IOS XE Software,8.8,0.28835,Medium,No,Unknown
CVE-2018-0180,2022-03-03,Cisco,IOS Software,5.9,0.01283,Medium,No,Unknown
CVE-2010-0232,2022-03-03,Microsoft,Windows,7.8,0.75583,High,Yes,Unknown
CVE-2017-6738,2022-03-03,Cisco,IOS and IOS XE Software,8.8,0.28835,Medium,No,Unknown
CVE-2013-5065,2022-03-03,Microsoft,Windows,7.8,0.63758,High,Yes,Unknown
CVE-2013-0632,2022-03-03,Adobe,ColdFusion,9.8,0.92249,Critical,Yes,Unknown
CVE-2012-1535,2022-03-03,Adobe,Flash Player,7.8,0.91677,High,Yes,Unknown
CVE-2015-5119,2022-03-03,Adobe,Flash Player,9.8,0.9315,Critical,Yes,Unknown
CVE-2018-0167,2022-03-03,Cisco,"IOS, XR, and XE Software",8.8,0.00894,Medium,No,Unknown
CVE-2017-11826,2022-03-03,Microsoft,Office,7.8,0.90484,High,Yes,Unknown
CVE-2013-1347,2022-03-03,Microsoft,Internet Explorer,8.8,0.86916,High,Yes,Unknown
CVE-2017-0261,2022-03-03,Microsoft,Office,7.8,0.92942,High,Yes,Unknown
CVE-2018-0151,2022-03-03,Cisco,IOS and IOS XE Software,9.8,0.05855,Medium,No,Unknown
CVE-2013-1675,2022-03-03,Mozilla,Firefox,6.5,0.04742,Medium,No,Unknown
CVE-2011-1889,2022-03-03,Microsoft,Forefront Threat Management Gateway (TMG),9.8,0.87578,High,No,Unknown
CVE-2018-0175,2022-03-03,Cisco,"IOS, XR, and XE Software",8.0,0.02174,Medium,No,Unknown
CVE-2012-0507,2022-03-03,Oracle,Java SE,9.8,0.93653,Critical,Yes,Known
CVE-2018-0172,2022-03-03,Cisco,IOS and IOS XE Software,8.6,0.04655,Medium,No,Unknown
CVE-2004-0210,2022-03-03,Microsoft,Windows,7.8,0.03667,Medium,Yes,Unknown
CVE-2017-12235,2022-03-03,Cisco,IOS software,7.5,0.04928,Medium,No,Unknown
CVE-2015-3043,2022-03-03,Adobe,Flash Player,9.8,0.82652,High,Yes,Unknown
CVE-2017-12238,2022-03-03,Cisco,Catalyst 6800 Series Switches,6.5,0.01154,Medium,No,Unknown
CVE-2017-6663,2022-03-03,Cisco,IOS and IOS XE Software,6.5,0.02321,Medium,No,Unknown
CVE-2017-6739,2022-03-03,Cisco,IOS and IOS XE Software,8.8,0.28835,Medium,No,Unknown
CVE-2009-1123,2022-03-03,Microsoft,Windows,7.8,0.04295,Medium,No,Unknown
CVE-2019-16928,2022-03-03,Exim,Exim Internet Mailer,9.8,0.90014,Critical,No,Unknown
CVE-2013-0641,2022-03-03,Adobe,Reader,7.8,0.88385,High,No,Unknown
CVE-2015-2545,2022-03-03,Microsoft,Office,7.8,0.93446,High,No,Unknown
CVE-2014-4114,2022-03-03,Microsoft,Windows,7.8,0.92153,High,Yes,Unknown
CVE-2009-3129,2022-03-03,Microsoft,Excel,7.8,0.91648,High,Yes,Unknown
CVE-2017-6736,2022-03-03,Cisco,IOS and IOS XE Software,8.8,0.89022,High,Yes,Unknown
CVE-2015-1701,2022-03-03,Microsoft,Win32k,7.8,0.90038,High,Yes,Known
CVE-2016-7855,2022-03-03,Adobe,Flash Player,8.8,0.46889,Medium,Yes,Unknown
CVE-2008-3431,2022-03-03,Oracle,VirtualBox,8.8,0.05378,Medium,Yes,Unknown
CVE-2015-2387,2022-03-03,Microsoft,ATM Font Driver,7.8,0.31208,Medium,No,Unknown
CVE-2011-3544,2022-03-03,Oracle,Java SE JDK and JRE,9.8,0.92955,Critical,Yes,Unknown
CVE-2019-1652,2022-03-03,Cisco,Small Business RV320 and RV325 Dual Gigabit WAN VPN Routers,7.2,0.92947,High,Yes,Unknown
CVE-2012-4681,2022-03-03,Oracle,Java SE,9.8,0.93952,Critical,Yes,Unknown
CVE-2015-1642,2022-03-03,Microsoft,Office,7.8,0.72879,High,No,Unknown
CVE-2017-6743,2022-03-03,Cisco,IOS and IOS XE Software,8.8,0.28835,Medium,No,Unknown
CVE-2015-2590,2022-03-03,Oracle,Java SE,9.8,0.61541,High,No,Unknown
CVE-2018-0159,2022-03-03,Cisco,IOS Software and Cisco IOS XE Software,7.5,0.05255,Medium,No,Unknown
CVE-2022-20708,2022-03-03,Cisco,"Small Business RV160, RV260, RV340, and RV345 Series Routers",10.0,0.13015,Medium,No,Unknown
CVE-2017-0001,2022-03-03,Microsoft,Graphics Device Interface (GDI),7.8,0.25434,Medium,No,Unknown
CVE-2009-3960,2022-03-07,Adobe,BlazeDS,6.5,0.8874,High,Yes,Known
CVE-2017-6077,2022-03-07,NETGEAR,Wireless Router DGN2200,9.8,0.86105,High,Yes,Unknown
CVE-2016-6277,2022-03-07,NETGEAR,Multiple Routers,8.8,0.93986,High,Yes,Unknown
CVE-2013-0631,2022-03-07,Adobe,ColdFusion,7.5,0.75297,High,No,Unknown
CVE-2019-11581,2022-03-07,Atlassian,Jira Server and Data Center,9.8,0.94355,Critical,Yes,Unknown
CVE-2013-0629,2022-03-07,Adobe,ColdFusion,7.5,0.80909,High,Yes,Unknown
CVE-2022-26485,2022-03-07,Mozilla,Firefox,8.8,0.07065,Medium,Yes,Unknown
CVE-2013-0625,2022-03-07,Adobe,ColdFusion,9.8,0.8656,High,Yes,Unknown
CVE-2022-26486,2022-03-07,Mozilla,Firefox,9.6,0.04863,Medium,No,Unknown
CVE-2020-8218,2022-03-07,Pulse Secure,Pulse Connect Secure,7.2,0.92345,High,Yes,Unknown
CVE-2021-21973,2022-03-07,VMware,vCenter Server and Cloud Foundation,5.3,0.90336,High,Yes,Unknown
CVE-2019-1129,2022-03-15,Microsoft,Windows,7.8,0.03114,Medium,Yes,Known
CVE-2019-1253,2022-03-15,Microsoft,Windows,7.8,0.28148,Medium,Yes,Known
CVE-2019-1315,2022-03-15,Microsoft,Windows,7.8,0.07545,Medium,Yes,Known
CVE-2015-2546,2022-03-15,Microsoft,Win32k,8.2,0.39933,Medium,Yes,Known
CVE-2016-3309,2022-03-15,Microsoft,Windows,7.8,0.44641,Medium,Yes,Known
CVE-2019-0841,2022-03-15,Microsoft,Windows,7.8,0.8265,High,Yes,Known
CVE-2019-0543,2022-03-15,Microsoft,Windows,7.8,0.16595,Medium,Yes,Known
CVE-2019-1405,2022-03-15,Microsoft,Windows,7.8,0.57085,High,Yes,Known
CVE-2019-1322,2022-03-15,Microsoft,Windows,7.8,0.35766,Medium,Yes,Known
CVE-2019-1069,2022-03-15,Microsoft,Task Scheduler,7.8,0.30456,Medium,Yes,Known
CVE-2019-1132,2022-03-15,Microsoft,Win32k,7.8,0.35636,Medium,Yes,Unknown
CVE-2017-0101,2022-03-15,Microsoft,Windows,7.8,0.64403,High,Yes,Known
CVE-2019-1064,2022-03-15,Microsoft,Windows,7.8,0.06886,Medium,Yes,Known
CVE-2020-5135,2022-03-15,SonicWall,SonicOS,9.8,0.22585,Medium,No,Unknown
CVE-2018-8120,2022-03-15,Microsoft,Win32k,7.0,0.94149,High,Yes,Known
CVE-2012-1823,2022-03-25,PHP,PHP,9.8,0.94386,Critical,Yes,Unknown
CVE-2013-4810,2022-03-25,Hewlett Packard (HP),"ProCurve Manager (PCM), PCM+, Identity Driven Manager (IDM), and Application Lifecycle Management",9.8,0.8588,High,Yes,Unknown
CVE-2016-10174,2022-03-25,NETGEAR,WNR2000v5 Router,9.8,0.89771,High,Yes,Unknown
CVE-2017-12615,2022-03-25,Apache,Tomcat,8.1,0.94277,High,Yes,Known
CVE-2016-7892,2022-03-25,Adobe,Flash Player,8.8,0.23263,Medium,No,Unknown
CVE-2009-2055,2022-03-25,Cisco,IOS XR,4.3,0.00613,Low,No,Unknown
CVE-2015-1187,2022-03-25,D-Link and TRENDnet,Multiple Devices,9.8,0.81232,High,Yes,Unknown
CVE-2014-3120,2022-03-25,Elastic,Elasticsearch,8.1,0.85557,High,Yes,Unknown
CVE-2015-1427,2022-03-25,Elastic,Elasticsearch,9.8,0.92326,Critical,Yes,Unknown
CVE-2020-5410,2022-03-25,VMware Tanzu,Spring Cloud Configuration (Config) Server,7.5,0.94323,High,Yes,Unknown
CVE-2019-15107,2022-03-25,Webmin,Webmin,9.8,0.94461,Critical,Yes,Unknown
CVE-2005-2773,2022-03-25,Hewlett Packard (HP),OpenView Network Node Manager,9.8,0.89464,High,Yes,Unknown
CVE-2017-3881,2022-03-25,Cisco,IOS and IOS XE,9.8,0.94282,Critical,Yes,Unknown
CVE-2018-11138,2022-03-25,Quest,KACE System Management Appliance,9.8,0.92008,Critical,Yes,Known
CVE-2016-1555,2022-03-25,NETGEAR,Wireless Access Point (WAP) Devices,9.8,0.94016,Critical,Yes,Unknown
CVE-2014-6287,2022-03-25,Rejetto,HTTP File Server (HFS),9.8,0.94363,Critical,Yes,Unknown
CVE-2010-3035,2022-03-25,Cisco,IOS XR,7.5,0.03262,Medium,No,Unknown
CVE-2015-0666,2022-03-25,Cisco,Prime Data Center Network Manager (DCNM),7.8,0.5313,High,No,Unknown
CVE-2018-6961,2022-03-25,VMware,SD-WAN Edge,8.1,0.93565,High,Yes,Unknown
CVE-2020-1631,2022-03-25,Juniper,Junos OS,8.8,0.05398,Medium,No,Unknown
CVE-2019-0903,2022-03-25,Microsoft,Graphics Device Interface (GDI),8.8,0.34444,Medium,No,Unknown
CVE-2020-2506,2022-03-25,QNAP Systems,Helpdesk,7.3,0.17988,Medium,Yes,Unknown
CVE-2016-11021,2022-03-25,D-Link,DCS-930L Devices,7.2,0.91253,High,No,Unknown
CVE-2018-14839,2022-03-25,LG,N1A1 NAS,9.8,0.90301,Critical,No,Unknown
CVE-2019-10068,2022-03-25,Kentico,Xperience,9.8,0.93889,Critical,No,Unknown
CVE-2018-0147,2022-03-25,Cisco,Secure Access Control System (ACS),9.8,0.03003,Medium,No,Unknown
CVE-2014-0130,2022-03-25,Rails,Ruby on Rails,7.5,0.45374,Medium,Yes,Unknown
CVE-2019-12991,2022-03-25,Citrix,SD-WAN and NetScaler,8.8,0.80988,High,Yes,Unknown
CVE-2018-0125,2022-03-25,Cisco,VPN Routers,9.8,0.39587,Medium,No,Unknown
CVE-2020-25223,2022-03-25,Sophos,SG UTM,9.8,0.94415,Critical,Yes,Unknown
CVE-2013-5223,2022-03-25,D-Link,DSL-2760U,5.4,0.35461,Medium,Yes,Unknown
CVE-2021-42237,2022-03-25,Sitecore,XP,9.8,0.94374,Critical,Yes,Known
CVE-2020-7247,2022-03-25,OpenBSD,OpenSMTPD,9.8,0.94076,Critical,Yes,Unknown
CVE-2010-4345,2022-03-25,Exim,Exim,7.8,0.04024,Medium,Yes,Unknown
CVE-2019-6340,2022-03-25,Drupal,Core,8.1,0.94436,High,Yes,Unknown
CVE-2009-1151,2022-03-25,phpMyAdmin,phpMyAdmin,9.8,0.92956,Critical,Yes,Unknown
CVE-2020-1956,2022-03-25,Apache,Kylin,8.8,0.93559,High,Yes,Unknown
CVE-2020-9054,2022-03-25,Zyxel,Multiple Network-Attached Storage (NAS) Devices,9.8,0.94312,Critical,Yes,Unknown
CVE-2022-21999,2022-03-25,Microsoft,Windows,7.8,0.71363,High,Yes,Unknown
CVE-2018-8373,2022-03-25,Microsoft,Internet Explorer Scripting Engine,7.5,0.82417,High,No,Unknown
CVE-2020-2021,2022-03-25,Palo Alto Networks,PAN-OS,10.0,0.16868,Medium,Yes,Known
CVE-2015-3035,2022-03-25,TP-Link,Multiple Archer Devices,7.5,0.92856,High,No,Unknown
CVE-2019-2616,2022-03-25,Oracle,BI Publisher (Formerly XML Publisher),7.2,0.94103,High,Yes,Unknown
CVE-2022-26318,2022-03-25,WatchGuard,Firebox and XTM Appliances,9.8,0.92232,Critical,Yes,Unknown
CVE-2017-6316,2022-03-25,Citrix,"NetScaler SD-WAN Enterprise, CloudBridge Virtual WAN, and XenMobile Server",9.8,0.87787,High,Yes,Unknown
CVE-2019-1003030,2022-03-25,Jenkins,Matrix Project Plugin,9.9,0.93052,Critical,Yes,Unknown
CVE-2017-0146,2022-03-25,Microsoft,Windows,8.8,0.93569,High,Yes,Known
CVE-2019-12989,2022-03-25,Citrix,SD-WAN and NetScaler,9.8,0.91054,Critical,Yes,Unknown
CVE-2010-2861,2022-03-25,Adobe,ColdFusion,9.8,0.94237,Critical,Yes,Known
CVE-2014-6324,2022-03-25,Microsoft,Kerberos Key Distribution Center (KDC),8.8,0.8901,High,Yes,Unknown
CVE-2010-4344,2022-03-25,Exim,Exim,9.8,0.61461,High,Yes,Unknown
CVE-2017-6334,2022-03-25,NETGEAR,DGN2200 Devices,8.8,0.89207,High,Yes,Unknown
CVE-2022-26143,2022-03-25,Mitel,"MiCollab, MiVoice Business Express",9.8,0.89199,High,No,Unknown
CVE-2013-2251,2022-03-25,Apache,Struts,9.8,0.94328,Critical,Yes,Unknown
CVE-2015-4068,2022-03-25,Arcserve,Unified Data Protection (UDP),9.1,0.81937,High,No,Unknown
CVE-2018-1273,2022-03-25,VMware Tanzu,Spring Data Commons,9.8,0.94288,Critical,Yes,Known
CVE-2016-4171,2022-03-25,Adobe,Flash Player,9.8,0.50544,High,No,Unknown
CVE-2021-22941,2022-03-25,Citrix,ShareFile,9.8,0.88607,High,Yes,Known
CVE-2018-8414,2022-03-25,Microsoft,Windows,8.8,0.8793,High,Yes,Unknown
CVE-2009-0927,2022-03-25,Adobe,Reader and Acrobat,8.8,0.93507,High,Yes,Unknown
CVE-2020-9377,2022-03-25,D-Link,DIR-610 Devices,8.8,0.76636,High,Yes,Unknown
CVE-2014-6332,2022-03-25,Microsoft,Windows,8.8,0.94094,High,Yes,Unknown
CVE-2019-11043,2022-03-25,PHP,FastCGI Process Manager (FPM),8.7,0.94105,High,Yes,Known
CVE-2017-12617,2022-03-25,Apache,Tomcat,8.1,0.94356,High,Yes,Unknown
CVE-2019-16920,2022-03-25,D-Link,Multiple Routers,9.8,0.9438,Critical,Yes,Unknown
CVE-2016-0752,2022-03-25,Rails,Ruby on Rails,7.5,0.92705,High,Yes,Unknown
CVE-2015-2426,2022-03-28,Microsoft,Windows,8.8,0.91754,High,Yes,Unknown
CVE-2011-2005,2022-03-28,Microsoft,Ancillary Function Driver (afd.sys),7.8,0.67089,High,Yes,Unknown
CVE-2017-0213,2022-03-28,Microsoft,Windows,7.3,0.92686,High,Yes,Known
CVE-2017-0059,2022-03-28,Microsoft,Internet Explorer,4.3,0.85191,Medium,Yes,Unknown
CVE-2010-4398,2022-03-28,Microsoft,Windows,7.8,0.14398,Medium,Yes,Unknown
CVE-2022-1096,2022-03-28,Google,Chromium V8,8.8,0.37884,Medium,Yes,Unknown
CVE-2012-0518,2022-03-28,Oracle,Fusion Middleware,4.7,0.16126,Low,No,Unknown
CVE-2019-7483,2022-03-28,SonicWall,SMA100,7.5,0.34622,Medium,No,Unknown
CVE-2013-2729,2022-03-28,Adobe,Reader and Acrobat,9.8,0.89132,High,Yes,Unknown
CVE-2018-8406,2022-03-28,Microsoft,DirectX Graphics Kernel (DXGKRNL),7.8,0.4999,Medium,No,Known
CVE-2021-20028,2022-03-28,SonicWall,Secure Remote Access (SRA),9.8,0.85685,High,No,Known
CVE-2013-1690,2022-03-28,Mozilla,Firefox and Thunderbird,8.8,0.49616,Medium,Yes,Unknown
CVE-2018-8440,2022-03-28,Microsoft,Windows,7.8,0.75639,High,Yes,Known
CVE-2021-34486,2022-03-28,Microsoft,Windows,7.8,0.34654,Medium,Yes,Unknown
CVE-2021-38646,2022-03-28,Microsoft,Office,7.8,0.36255,Medium,No,Known
CVE-2017-0037,2022-03-28,Microsoft,Edge and Internet Explorer,8.1,0.92091,High,Yes,Unknown
CVE-2022-0543,2022-03-28,Redis,Debian-specific Redis Servers,10.0,0.94398,Critical,Yes,Unknown
CVE-2012-2034,2022-03-28,Adobe,Flash Player,7.5,0.10712,Medium,No,Unknown
CVE-2016-0040,2022-03-28,Microsoft,Windows,7.8,0.78896,High,Yes,Unknown
CVE-2012-2539,2022-03-28,Microsoft,Word,7.8,0.85532,High,No,Unknown
CVE-2018-8405,2022-03-28,Microsoft,DirectX Graphics Kernel (DXGKRNL),7.8,0.4999,Medium,No,Known
CVE-2013-3660,2022-03-28,Microsoft,Win32k,7.8,0.69191,High,Yes,Unknown
CVE-2013-2465,2022-03-28,Oracle,Java SE,9.8,0.9356,Critical,Yes,Known
CVE-2012-5076,2022-03-28,Oracle,Java SE,9.8,0.91973,Critical,Yes,Unknown
CVE-2015-2419,2022-03-28,Microsoft,Internet Explorer,8.8,0.80247,High,Yes,Unknown
CVE-2016-7200,2022-03-28,Microsoft,Edge,8.8,0.89225,High,Yes,Unknown
CVE-2021-26085,2022-03-28,Atlassian,Confluence Server,5.3,0.94012,High,Yes,Known
CVE-2016-7201,2022-03-28,Microsoft,Edge,8.8,0.90142,High,Yes,Unknown
CVE-2013-2551,2022-03-28,Microsoft,Internet Explorer,8.8,0.91987,High,Yes,Known
CVE-2016-0189,2022-03-28,Microsoft,Internet Explorer,7.5,0.91503,High,Yes,Unknown
CVE-2016-0151,2022-03-28,Microsoft,Client-Server Run-time Subsystem (CSRSS),7.8,0.44069,Medium,Yes,Known
CVE-2015-1770,2022-03-28,Microsoft,Office,8.8,0.78193,High,No,Unknown
CVE-2021-21551,2022-03-31,Dell,dbutil Driver,8.8,0.59289,High,Yes,Unknown
CVE-2018-10561,2022-03-31,Dasan,Gigabit Passive Optical Network (GPON) Routers,9.8,0.93311,Critical,Yes,Unknown
CVE-2022-26871,2022-03-31,Trend Micro,Apex Central,9.8,0.13906,Medium,No,Unknown
CVE-2022-1040,2022-03-31,Sophos,Firewall,9.8,0.94439,Critical,Yes,Unknown
CVE-2021-34484,2022-03-31,Microsoft,Windows,7.8,0.02429,Medium,No,Unknown
CVE-2021-28799,2022-03-31,QNAP,Network Attached Storage (NAS),10.0,0.91146,Critical,No,Known
CVE-2018-10562,2022-03-31,Dasan,Gigabit Passive Optical Network (GPON) Routers,9.8,0.94028,Critical,Yes,Known
CVE-2022-22965,2022-04-04,VMware,Spring Framework,9.8,0.94428,Critical,Yes,Unknown
CVE-2021-45382,2022-04-04,D-Link,Multiple Routers,9.8,0.9423,Critical,No,Unknown
CVE-2022-22675,2022-04-04,Apple,macOS,7.8,0.00978,Medium,No,Unknown
CVE-2022-22674,2022-04-04,Apple,macOS,5.5,0.00233,Medium,No,Unknown
CVE-2021-3156,2022-04-06,Sudo,Sudo,7.8,0.92622,High,Yes,Unknown
CVE-2017-0148,2022-04-06,Microsoft,SMBv1 server,8.1,0.93969,High,Yes,Known
CVE-2021-31166,2022-04-06,Microsoft,HTTP Protocol Stack,9.8,0.93069,Critical,Yes,Unknown
CVE-2021-27852,2022-04-11,Checkbox,Checkbox Survey,9.8,0.28821,Medium,No,Unknown
CVE-2021-22600,2022-04-11,Linux,Kernel,6.6,0.00153,Medium,Yes,Unknown
CVE-2020-2509,2022-04-11,QNAP,QNAP Network-Attached Storage (NAS),9.8,0.84994,High,Yes,Unknown
CVE-2022-23176,2022-04-11,WatchGuard,Firebox and XTM,8.8,0.09569,Medium,No,Unknown
CVE-2017-11317,2022-04-11,Telerik,User Interface (UI) for ASP.NET AJAX,9.8,0.91984,Critical,Yes,Unknown
CVE-2021-39793,2022-04-11,Google,Pixel,7.8,0.00092,Medium,No,Unknown
CVE-2021-42278,2022-04-11,Microsoft,Active Directory,7.5,0.94066,High,Yes,Known
CVE-2021-42287,2022-04-11,Microsoft,Active Directory,7.5,0.94006,High,Yes,Known
CVE-2014-9163,2022-04-13,Adobe,Flash Player,9.8,0.03626,Medium,No,Unknown
CVE-2015-2502,2022-04-13,Microsoft,Internet Explorer,8.8,0.22563,Medium,No,Unknown
CVE-2022-24521,2022-04-13,Microsoft,Windows,7.8,0.08042,Medium,No,Known
CVE-2015-0311,2022-04-13,Adobe,Flash Player,9.8,0.92735,Critical,Yes,Unknown
CVE-2015-5122,2022-04-13,Adobe,Flash Player,9.8,0.9278,Critical,Yes,Unknown
CVE-2015-5123,2022-04-13,Adobe,Flash Player,9.8,0.47561,Medium,No,Unknown
CVE-2018-20753,2022-04-13,Kaseya,Virtual System/Server Administrator (VSA),9.8,0.44443,Medium,No,Known
CVE-2015-0313,2022-04-13,Adobe,Flash Player,9.8,0.93271,Critical,Yes,Unknown
CVE-2015-3113,2022-04-13,Adobe,Flash Player,9.8,0.9242,Critical,Yes,Unknown
CVE-2018-7602,2022-04-13,Drupal,Core,9.8,0.94385,Critical,Yes,Known
CVE-2022-22954,2022-04-14,VMware,Workspace ONE Access and Identity Manager,9.8,0.94444,Critical,Yes,Known
CVE-2019-16057,2022-04-15,D-Link,DNS-320 Storage Device,9.8,0.9375,Critical,No,Known
CVE-2022-22960,2022-04-15,VMware,Multiple Products,7.8,0.70421,High,Yes,Unknown
CVE-2007-3010,2022-04-15,Alcatel,OmniPCX Enterprise,9.8,0.94007,Critical,Yes,Unknown
CVE-2010-5330,2022-04-15,Ubiquiti,AirOS,9.8,0.56481,High,No,Unknown
CVE-2019-3929,2022-04-15,Crestron,Multiple Products,9.8,0.94346,Critical,Yes,Unknown
CVE-2016-4523,2022-04-15,Trihedral,VTScada (formerly VTS),7.5,0.66951,High,No,Unknown
CVE-2022-1364,2022-04-15,Google,Chromium V8,8.8,0.18147,Medium,Yes,Unknown
CVE-2018-7841,2022-04-15,Schneider Electric,U.motion Builder,9.8,0.5238,High,Yes,Unknown
CVE-2014-0780,2022-04-15,InduSoft,Web Studio,9.8,0.89247,High,Yes,Unknown
CVE-2019-3568,2022-04-19,Meta Platforms,WhatsApp,9.8,0.45977,Medium,No,Unknown
CVE-2022-22718,2022-04-19,Microsoft,Windows,7.8,0.1103,Medium,Yes,Unknown
CVE-2018-6882,2022-04-19,Synacor,Zimbra Collaboration Suite (ZCS),6.1,0.63352,High,No,Known
CVE-2022-21919,2022-04-25,Microsoft,Windows,7.0,0.00256,Medium,No,Unknown
CVE-2021-40450,2022-04-25,Microsoft,Win32k,7.8,0.07526,Medium,No,Unknown
CVE-2022-29464,2022-04-25,WSO2,Multiple Products,9.8,0.94434,Critical,Yes,Known
CVE-2019-1003029,2022-04-25,Jenkins,Script Security Plugin,9.9,0.92647,Critical,No,Unknown
CVE-2021-41357,2022-04-25,Microsoft,Win32k,7.8,0.07369,Medium,No,Unknown
CVE-2022-0847,2022-04-25,Linux,Kernel,7.8,0.84135,High,Yes,Unknown
CVE-2022-26904,2022-04-25,Microsoft,Windows,7.0,0.28313,Medium,Yes,Unknown
CVE-2019-8506,2022-05-04,Apple,Multiple Products,8.8,0.0768,Medium,Yes,Unknown
CVE-2014-0322,2022-05-04,Microsoft,Internet Explorer,8.8,0.93203,High,Yes,Unknown
CVE-2014-0160,2022-05-04,OpenSSL,OpenSSL,7.5,0.94464,High,Yes,Unknown
CVE-2014-4113,2022-05-04,Microsoft,Win32k,7.8,0.82433,High,Yes,Unknown
CVE-2021-1789,2022-05-04,Apple,Multiple Products,8.8,0.00243,Medium,No,Unknown
CVE-2022-1388,2022-05-10,F5,BIG-IP,9.8,0.94456,Critical,Yes,Known
CVE-2022-30525,2022-05-16,Zyxel,Multiple Firewalls,9.8,0.94445,Critical,Yes,Unknown
CVE-2022-22947,2022-05-16,VMware,Spring Cloud Gateway,10.0,0.94461,Critical,Yes,Unknown
CVE-2019-0703,2022-05-23,Microsoft,Windows,6.5,0.19227,Medium,No,Unknown
CVE-2020-1027,2022-05-23,Microsoft,Windows,7.8,0.06998,Medium,No,Unknown
CVE-2021-0920,2022-05-23,Android,Kernel,6.4,0.00908,Medium,No,Unknown
CVE-2021-1048,2022-05-23,Android,Kernel,7.8,0.02226,Medium,No,Unknown
CVE-2022-20821,2022-05-23,Cisco,IOS XR,6.5,0.19129,Medium,No,Unknown
CVE-2018-5002,2022-05-23,Adobe,Flash Player,9.8,0.48477,Medium,No,Unknown
CVE-2019-1385,2022-05-23,Microsoft,Windows,7.8,0.00378,Medium,No,Known
CVE-2019-13720,2022-05-23,Google,Chrome WebAudio,8.8,0.88226,High,Yes,Unknown
CVE-2020-0638,2022-05-23,Microsoft,Update Notification Manager,7.8,0.01479,Medium,Yes,Known
CVE-2019-8720,2022-05-23,WebKitGTK,WebKitGTK,8.8,0.07842,Medium,No,Unknown
CVE-2019-18426,2022-05-23,Meta Platforms,WhatsApp,8.2,0.55265,High,Yes,Unknown
CVE-2019-11707,2022-05-23,Mozilla,Firefox and Thunderbird,8.8,0.81279,High,Yes,Unknown
CVE-2018-8589,2022-05-23,Microsoft,Win32k,7.8,0.46257,Medium,No,Unknown
CVE-2019-5786,2022-05-23,Google,Chrome Blink,6.5,0.89547,High,Yes,Unknown
CVE-2019-11708,2022-05-23,Mozilla,Firefox and Thunderbird,10.0,0.68885,High,Yes,Unknown
CVE-2019-0880,2022-05-23,Microsoft,Windows,7.8,0.04079,Medium,No,Unknown
CVE-2019-7286,2022-05-23,Apple,Multiple Products,7.8,0.02022,Medium,Yes,Unknown
CVE-2019-1130,2022-05-23,Microsoft,Windows,7.8,0.01925,Medium,Yes,Known
CVE-2019-7287,2022-05-23,Apple,iOS,7.8,0.05349,Medium,No,Unknown
CVE-2019-0676,2022-05-23,Microsoft,Internet Explorer,6.5,0.24487,Medium,No,Unknown
CVE-2021-30883,2022-05-23,Apple,Multiple Products,7.8,0.00577,Medium,No,Unknown
CVE-2018-19953,2022-05-24,QNAP,Network Attached Storage (NAS),6.1,0.31524,Medium,No,Known
CVE-2016-4656,2022-05-24,Apple,iOS,7.8,0.66743,High,Yes,Unknown
CVE-2017-18362,2022-05-24,Kaseya,Virtual System/Server Administrator (VSA),9.8,0.87164,High,Yes,Known
CVE-2017-8543,2022-05-24,Microsoft,Windows,9.8,0.7994,High,Yes,Unknown
CVE-2016-6367,2022-05-24,Cisco,Adaptive Security Appliance (ASA),7.8,0.23087,Medium,Yes,Unknown
CVE-2017-0005,2022-05-24,Microsoft,Windows,7.8,0.08678,Medium,Yes,Unknown
CVE-2016-6366,2022-05-24,Cisco,Adaptive Security Appliance (ASA),8.8,0.91389,High,Yes,Unknown
CVE-2017-0022,2022-05-24,Microsoft,XML Core Services,6.5,0.42086,Medium,No,Unknown
CVE-2016-0162,2022-05-24,Microsoft,Internet Explorer,4.3,0.37993,Low,No,Unknown
CVE-2016-3298,2022-05-24,Microsoft,Internet Explorer,6.5,0.27734,Medium,No,Unknown
CVE-2017-0147,2022-05-24,Microsoft,SMBv1 server,7.5,0.92418,High,Yes,Known
CVE-2018-19943,2022-05-24,QNAP,Network Attached Storage (NAS),8.0,0.055,Medium,No,Known
CVE-2017-8291,2022-05-24,Artifex,Ghostscript,7.8,0.92862,High,Yes,Unknown
CVE-2018-19949,2022-05-24,QNAP,Network Attached Storage (NAS),9.8,0.44166,Medium,No,Known
CVE-2017-0149,2022-05-24,Microsoft,Internet Explorer,8.8,0.4146,Medium,No,Unknown
CVE-2016-4655,2022-05-24,Apple,iOS,5.5,0.8229,High,Yes,Unknown
CVE-2016-3351,2022-05-24,Microsoft,Internet Explorer and Edge,6.5,0.40288,Medium,No,Known
CVE-2016-4657,2022-05-24,Apple,iOS,8.8,0.78362,High,Yes,Unknown
CVE-2017-0210,2022-05-24,Microsoft,Internet Explorer,8.8,0.3644,Medium,No,Unknown
CVE-2018-8611,2022-05-24,Microsoft,Windows,7.8,0.16358,Medium,Yes,Unknown
CVE-2015-1671,2022-05-25,Microsoft,Windows,7.8,0.83857,High,No,Unknown
CVE-2013-0431,2022-05-25,Oracle,Java Runtime Environment (JRE),5.3,0.91587,High,Yes,Known
CVE-2015-0071,2022-05-25,Microsoft,Internet Explorer,6.5,0.38673,Medium,No,Unknown
CVE-2014-8439,2022-05-25,Adobe,Flash Player,8.8,0.27067,Medium,No,Unknown
CVE-2014-4077,2022-05-25,Microsoft,Input Method Editor (IME) Japanese,7.8,0.36747,Medium,No,Unknown
CVE-2016-7256,2022-05-25,Microsoft,Windows,8.8,0.59042,High,No,Unknown
CVE-2015-1769,2022-05-25,Microsoft,Windows,6.6,0.28425,Medium,Yes,Unknown
CVE-2016-0984,2022-05-25,Adobe,Flash Player and AIR,8.8,0.75907,High,Yes,Unknown
CVE-2013-3993,2022-05-25,IBM,InfoSphere BigInsights,6.5,0.16966,Medium,No,Known
CVE-2013-3896,2022-05-25,Microsoft,Silverlight,5.5,0.8159,High,Yes,Unknown
CVE-2013-0422,2022-05-25,Oracle,Java Runtime Environment (JRE),9.8,0.93768,Critical,Yes,Unknown
CVE-2015-4495,2022-05-25,Mozilla,Firefox,8.8,0.71568,High,Yes,Unknown
CVE-2014-4148,2022-05-25,Microsoft,Windows,8.8,0.49715,Medium,No,Unknown
CVE-2015-6175,2022-05-25,Microsoft,Windows,7.8,0.02917,Medium,No,Unknown
CVE-2010-0840,2022-05-25,Oracle,Java Runtime Environment (JRE),9.8,0.92112,Critical,Yes,Unknown
CVE-2016-0034,2022-05-25,Microsoft,Silverlight,8.8,0.40525,Medium,No,Known
CVE-2012-1710,2022-05-25,Oracle,Fusion Middleware,9.8,0.70416,High,No,Unknown
CVE-2014-4123,2022-05-25,Microsoft,Internet Explorer,8.8,0.52879,High,No,Unknown
CVE-2013-2423,2022-05-25,Oracle,Java Runtime Environment (JRE),3.7,0.93397,Medium,Yes,Unknown
CVE-2015-2360,2022-05-25,Microsoft,Win32k,8.8,0.13229,Medium,No,Unknown
CVE-2010-1428,2022-05-25,Red Hat,JBoss,7.5,0.65338,High,No,Known
CVE-2013-7331,2022-05-25,Microsoft,Internet Explorer,6.5,0.81812,High,No,Unknown
CVE-2010-0738,2022-05-25,Red Hat,JBoss,5.3,0.91288,High,Yes,Known
CVE-2015-0016,2022-05-25,Microsoft,Windows,7.8,0.91702,High,Yes,Unknown
CVE-2019-3010,2022-05-25,Oracle,Solaris,8.8,0.47589,Medium,Yes,Unknown
CVE-2014-2817,2022-05-25,Microsoft,Internet Explorer,8.8,0.26216,Medium,No,Unknown
CVE-2015-0310,2022-05-25,Adobe,Flash Player,9.8,0.05023,Medium,No,Unknown
CVE-2013-0074,2022-05-25,Microsoft,Silverlight,7.8,0.93083,High,Yes,Known
CVE-2014-3153,2022-05-25,Linux,Kernel,7.8,0.7219,High,Yes,Unknown
CVE-2015-2425,2022-05-25,Microsoft,Internet Explorer,8.8,0.34069,Medium,No,Unknown
CVE-2016-3393,2022-05-25,Microsoft,Windows,7.8,0.3242,Medium,No,Unknown
CVE-2015-8651,2022-05-25,Adobe,Flash Player,8.8,0.90482,High,Yes,Unknown
CVE-2014-0546,2022-05-25,Adobe,Acrobat and Reader,9.8,0.44068,Medium,No,Unknown
CVE-2016-1010,2022-05-25,Adobe,Flash Player and AIR,8.8,0.29986,Medium,No,Unknown
CVE-2022-26134,2022-06-02,Atlassian,Confluence Server/Data Center,9.8,0.94408,Critical,Yes,Known
CVE-2019-5825,2022-06-08,Google,Chromium V8,6.5,0.73662,High,Yes,Unknown
CVE-2019-7193,2022-06-08,QNAP,QTS,9.8,0.2579,Medium,No,Known
CVE-2018-17480,2022-06-08,Google,Chromium V8,8.8,0.31917,Medium,No,Unknown
CVE-2012-1889,2022-06-08,Microsoft,XML Core Services,8.8,0.92781,High,Yes,Unknown
CVE-2016-5198,2022-06-08,Google,Chromium V8,8.8,0.77907,High,No,Unknown
CVE-2017-6862,2022-06-08,NETGEAR,Multiple Devices,9.8,0.43308,Medium,No,Unknown
CVE-2009-0557,2022-06-08,Microsoft,Office,7.8,0.83761,High,No,Unknown
CVE-2012-0754,2022-06-08,Adobe,Flash Player,8.1,0.9259,High,Yes,Unknown
CVE-2012-0151,2022-06-08,Microsoft,Windows,7.8,0.8664,High,No,Unknown
CVE-2012-0767,2022-06-08,Adobe,Flash Player,6.1,0.16267,Medium,No,Unknown
CVE-2018-6065,2022-06-08,Google,Chromium V8,8.8,0.88773,High,Yes,Unknown
CVE-2012-5054,2022-06-08,Adobe,Flash Player,8.8,0.76609,High,No,Unknown
CVE-2009-1862,2022-06-08,Adobe,"Acrobat and Reader, Flash Player",7.8,0.58566,High,No,Unknown
CVE-2012-4969,2022-06-08,Microsoft,Internet Explorer,8.1,0.91843,High,Yes,Unknown
CVE-2011-0609,2022-06-08,Adobe,Flash Player,7.8,0.92193,High,Yes,Unknown
CVE-2018-4990,2022-06-08,Adobe,Acrobat and Reader,8.8,0.62033,High,No,Unknown
CVE-2019-7194,2022-06-08,QNAP,Photo Station,9.8,0.93938,Critical,No,Known
CVE-2017-5070,2022-06-08,Google,Chromium V8,8.8,0.71096,High,No,Unknown
CVE-2019-7192,2022-06-08,QNAP,Photo Station,9.8,0.94303,Critical,Yes,Known
CVE-2010-2572,2022-06-08,Microsoft,PowerPoint,7.8,0.74724,High,No,Unknown
CVE-2009-3953,2022-06-08,Adobe,Acrobat and Reader,8.8,0.90514,High,Yes,Unknown
CVE-2010-2883,2022-06-08,Adobe,Acrobat and Reader,7.3,0.92181,High,Yes,Unknown
CVE-2017-5030,2022-06-08,Google,Chromium V8,8.8,0.50654,High,No,Unknown
CVE-2007-5659,2022-06-08,Adobe,Acrobat and Reader,7.8,0.93512,High,Yes,Unknown
CVE-2019-15271,2022-06-08,Cisco,RV Series Routers,8.8,0.05878,Medium,No,Unknown
CVE-2010-1297,2022-06-08,Adobe,Flash Player,7.8,0.93388,High,Yes,Unknown
CVE-2009-0563,2022-06-08,Microsoft,Office,7.8,0.80902,High,No,Unknown
CVE-2013-1331,2022-06-08,Microsoft,Office,7.8,0.85807,High,No,Unknown
CVE-2018-17463,2022-06-08,Google,Chromium V8,8.8,0.92199,High,Yes,Unknown
CVE-2016-1646,2022-06-08,Google,Chromium V8,8.8,0.68652,High,No,Unknown
CVE-2008-0655,2022-06-08,Adobe,Acrobat and Reader,9.8,0.68768,High,No,Unknown
CVE-2006-2492,2022-06-08,Microsoft,Word,8.8,0.83574,High,No,Unknown
CVE-2009-4324,2022-06-08,Adobe,Acrobat and Reader,7.8,0.93013,High,Yes,Unknown
CVE-2019-7195,2022-06-08,QNAP,Photo Station,9.8,0.93454,Critical,Yes,Known
CVE-2011-2462,2022-06-08,Adobe,Acrobat and Reader,9.8,0.92193,Critical,Yes,Unknown
CVE-2021-38163,2022-06-09,SAP,NetWeaver,9.9,0.84766,High,Yes,Unknown
CVE-2016-2386,2022-06-09,SAP,NetWeaver,9.8,0.4395,Medium,Yes,Unknown
CVE-2016-2388,2022-06-09,SAP,NetWeaver,5.3,0.62285,High,Yes,Unknown
CVE-2022-30190,2022-06-14,Microsoft,Windows,7.8,0.93614,High,Yes,Unknown
CVE-2021-30983,2022-06-27,Apple,iOS and iPadOS,7.8,0.00678,Medium,No,Unknown
CVE-2020-9907,2022-06-27,Apple,Multiple Products,7.8,0.00607,Medium,No,Unknown
CVE-2021-30533,2022-06-27,Google,Chromium PopupBlocker,6.5,0.10532,Medium,No,Unknown
CVE-2019-8605,2022-06-27,Apple,Multiple Products,7.8,0.14409,Medium,Yes,Unknown
CVE-2020-3837,2022-06-27,Apple,Multiple Products,7.8,0.06189,Medium,Yes,Unknown
CVE-2022-29499,2022-06-27,Mitel,MiVoice Connect,9.8,0.88617,High,No,Known
CVE-2018-4344,2022-06-27,Apple,Multiple Products,7.8,0.00186,Medium,No,Unknown
CVE-2021-4034,2022-06-27,Red Hat,Polkit,7.8,0.87848,High,Yes,Unknown
CVE-2022-26925,2022-07-01,Microsoft,Windows,8.1,0.37425,Medium,No,Unknown
CVE-2022-22047,2022-07-12,Microsoft,Windows,7.8,0.01458,Medium,No,Unknown
CVE-2022-26138,2022-07-29,Atlassian,Confluence,9.8,0.94319,Critical,Yes,Unknown
CVE-2022-27924,2022-08-04,Synacor,Zimbra Collaboration Suite (ZCS),7.5,0.91208,High,No,Unknown
CVE-2022-34713,2022-08-09,Microsoft,Windows,7.8,0.04492,Medium,No,Unknown
CVE-2022-30333,2022-08-09,RARLAB,UnRAR,7.5,0.92575,High,Yes,Unknown
CVE-2022-37042,2022-08-11,Synacor,Zimbra Collaboration Suite (ZCS),9.8,0.94333,Critical,Yes,Unknown
CVE-2022-27925,2022-08-11,Synacor,Zimbra Collaboration Suite (ZCS),7.2,0.9431,High,Yes,Unknown
CVE-2017-15944,2022-08-18,Palo Alto Networks,PAN-OS,9.8,0.94179,Critical,Yes,Unknown
CVE-2022-2856,2022-08-18,Google,Chromium Intents,6.5,0.05114,Medium,No,Unknown
CVE-2022-32893,2022-08-18,Apple,iOS and macOS,8.8,0.00225,Medium,No,Unknown
CVE-2022-22536,2022-08-18,SAP,Multiple Products,10.0,0.93833,Critical,Yes,Unknown
CVE-2022-21971,2022-08-18,Microsoft,Windows,7.8,0.86935,High,Yes,Unknown
CVE-2022-32894,2022-08-18,Apple,iOS and macOS,7.8,0.00314,Medium,No,Unknown
CVE-2022-26923,2022-08-18,Microsoft,Active Directory,8.8,0.91441,High,Yes,Unknown
CVE-2022-0028,2022-08-22,Palo Alto Networks,PAN-OS,8.6,0.04682,Medium,No,Unknown
CVE-2020-28949,2022-08-25,PEAR,Archive_Tar,7.8,0.92961,High,Yes,Unknown
CVE-2021-38406,2022-08-25,Delta Electronics,DOPSoft 2,7.8,0.74854,High,No,Unknown
CVE-2022-26352,2022-08-25,dotCMS,dotCMS,9.8,0.94337,Critical,No,Known
CVE-2022-24706,2022-08-25,Apache,CouchDB,9.8,0.94392,Critical,Yes,Unknown
CVE-2022-24112,2022-08-25,Apache,APISIX,9.8,0.94435,Critical,Yes,Unknown
CVE-2020-36193,2022-08-25,PEAR,Archive_Tar,7.5,0.71148,High,No,Unknown
CVE-2021-39226,2022-08-25,Grafana Labs,Grafana,9.8,0.9435,Critical,No,Unknown
CVE-2022-2294,2022-08-25,WebRTC,WebRTC,8.8,0.01165,Medium,Yes,Unknown
CVE-2022-22963,2022-08-25,VMware Tanzu,Spring Cloud,9.8,0.94462,Critical,Yes,Unknown
CVE-2021-31010,2022-08-25,Apple,"iOS, macOS, watchOS",7.5,0.01198,Medium,No,Unknown
CVE-2017-5521,2022-09-08,NETGEAR,Multiple Devices,8.1,0.93804,High,Yes,Unknown
CVE-2018-6530,2022-09-08,D-Link,Multiple Routers,9.8,0.94294,Critical,No,Known
CVE-2018-2628,2022-09-08,Oracle,WebLogic Server,9.8,0.94422,Critical,Yes,Unknown
CVE-2018-7445,2022-09-08,MikroTik,RouterOS,9.8,0.84562,High,Yes,Unknown
CVE-2022-27593,2022-09-08,QNAP,Photo Station,10.0,0.93262,Critical,No,Known
CVE-2011-4723,2022-09-08,D-Link,DIR-300 Router,5.7,0.12726,Medium,No,Unknown
CVE-2020-9934,2022-09-08,Apple,"iOS, iPadOS, and macOS",5.5,0.02101,Medium,Yes,Unknown
CVE-2022-26258,2022-09-08,D-Link,DIR-820L,9.8,0.87661,High,No,Unknown
CVE-2022-3075,2022-09-08,Google,Chromium Mojo,9.6,0.02991,Medium,No,Unknown
CVE-2011-1823,2022-09-08,Android,Android OS,7.8,0.44847,Medium,No,Unknown
CVE-2018-13374,2022-09-08,Fortinet,FortiOS and FortiADC,4.3,0.01537,Low,Yes,Known
CVE-2022-32917,2022-09-14,Apple,"iOS, iPadOS, and macOS",7.8,0.004,Medium,No,Unknown
CVE-2022-37969,2022-09-14,Microsoft,Windows,7.8,0.12354,Medium,Yes,Unknown
CVE-2013-2596,2022-09-15,Linux,Kernel,7.8,0.02,Medium,Yes,Unknown
CVE-2022-40139,2022-09-15,Trend Micro,Apex One and Apex One as a Service,7.2,0.12882,Medium,No,Unknown
CVE-2010-2568,2022-09-15,Microsoft,Windows,7.8,0.92593,High,Yes,Unknown
CVE-2013-2597,2022-09-15,Code Aurora,ACDB Audio Driver,8.4,0.06744,Medium,Yes,Unknown
CVE-2013-6282,2022-09-15,Linux,Kernel,8.8,0.6765,High,Yes,Unknown
CVE-2013-2094,2022-09-15,Linux,Kernel,8.4,0.64534,High,Yes,Unknown
CVE-2022-35405,2022-09-22,Zoho,ManageEngine,9.8,0.94314,Critical,Yes,Unknown
CVE-2022-3236,2022-09-23,Sophos,Firewall,9.8,0.9168,Critical,No,Unknown
CVE-2022-41040,2022-09-30,Microsoft,Exchange Server,8.8,0.9419,High,Yes,Known
CVE-2022-41082,2022-09-30,Microsoft,Exchange Server,8.0,0.91102,High,Yes,Known
CVE-2022-36804,2022-09-30,Atlassian,Bitbucket Server and Data Center,8.8,0.94429,High,Yes,Unknown
CVE-2022-41033,2022-10-11,Microsoft,Windows COM+ Event System Service,7.8,0.00984,Medium,No,Unknown
CVE-2022-40684,2022-10-11,Fortinet,Multiple Products,9.8,0.94427,Critical,Yes,Known
CVE-2021-3493,2022-10-20,Linux,Kernel,8.8,0.76767,High,Yes,Unknown
CVE-2022-41352,2022-10-20,Synacor,Zimbra Collaboration Suite (ZCS),9.8,0.93958,Critical,Yes,Unknown
CVE-2018-19320,2022-10-24,GIGABYTE,Multiple Products,7.8,0.31918,Medium,Yes,Known
CVE-2020-3433,2022-10-24,Cisco,AnyConnect Secure,7.8,0.04462,Medium,Yes,Known
CVE-2018-19323,2022-10-24,GIGABYTE,Multiple Products,9.8,0.14716,Medium,Yes,Known
CVE-2018-19322,2022-10-24,GIGABYTE,Multiple Products,7.8,0.02884,Medium,No,Known
CVE-2018-19321,2022-10-24,GIGABYTE,Multiple Products,7.8,0.39812,Medium,Yes,Known
CVE-2020-3153,2022-10-24,Cisco,AnyConnect Secure,6.5,0.25087,Medium,Yes,Known
CVE-2022-42827,2022-10-25,Apple,iOS and iPadOS,7.8,0.002,Medium,No,Unknown
CVE-2022-3723,2022-10-28,Google,Chromium V8,8.8,0.00523,Medium,No,Unknown
CVE-2022-41125,2022-11-08,Microsoft,Windows,7.8,0.01643,Medium,No,Unknown
CVE-2022-41073,2022-11-08,Microsoft,Windows,7.8,0.03285,Medium,No,Known
CVE-2021-25370,2022-11-08,Samsung,Mobile Devices,6.1,0.00239,Medium,No,Unknown
CVE-2022-41091,2022-11-08,Microsoft,Windows,5.4,0.05169,Medium,No,Unknown
CVE-2022-41128,2022-11-08,Microsoft,Windows,8.8,0.39236,Medium,No,Unknown
CVE-2021-25369,2022-11-08,Samsung,Mobile Devices,6.2,0.00156,Medium,No,Unknown
CVE-2021-25337,2022-11-08,Samsung,Mobile Devices,4.4,0.00345,Low,No,Unknown
CVE-2022-41049,2022-11-14,Microsoft,Windows,5.4,0.12955,Medium,No,Unknown
CVE-2021-35587,2022-11-28,Oracle,Fusion Middleware,9.8,0.94258,Critical,Yes,Unknown
CVE-2022-4135,2022-11-28,Google,Chromium GPU,9.6,0.0014,Medium,Yes,Unknown
CVE-2022-4262,2022-12-05,Google,Chromium V8,8.8,0.06353,Medium,Yes,Unknown
CVE-2022-27518,2022-12-13,Citrix,Application Delivery Controller (ADC) and Gateway,9.8,0.22959,Medium,Yes,Unknown
CVE-2022-26501,2022-12-13,Veeam,Backup & Replication,9.8,0.66731,High,Yes,Known
CVE-2022-42475,2022-12-13,Fortinet,FortiOS,9.8,0.94062,Critical,Yes,Unknown
CVE-2022-44698,2022-12-13,Microsoft,Defender,5.4,0.66423,High,No,Known
CVE-2022-26500,2022-12-13,Veeam,Backup & Replication,8.8,0.20116,Medium,Yes,Known
CVE-2022-42856,2022-12-14,Apple,iOS,8.8,0.00187,Medium,No,Unknown
CVE-2018-18809,2022-12-29,TIBCO,JasperReports,6.5,0.94012,High,No,Unknown
CVE-2018-5430,2022-12-29,TIBCO,JasperReports,8.8,0.29264,Medium,Yes,Unknown
CVE-2022-41080,2023-01-10,Microsoft,Exchange Server,8.8,0.93795,High,Yes,Known
CVE-2023-21674,2023-01-10,Microsoft,Windows,8.8,0.12429,Medium,Yes,Unknown
CVE-2022-44877,2023-01-17,CWP,Control Web Panel,9.8,0.94457,Critical,Yes,Unknown
CVE-2022-47966,2023-01-23,Zoho,ManageEngine,9.8,0.94378,Critical,Yes,Known
CVE-2017-11357,2023-01-26,Telerik,User Interface (UI) for ASP.NET AJAX,9.8,0.93843,Critical,Yes,Known
CVE-2022-21587,2023-02-02,Oracle,E-Business Suite,9.8,0.94397,Critical,Yes,Known
CVE-2023-22952,2023-02-02,SugarCRM,Multiple Products,8.8,0.93075,High,No,Unknown
CVE-2022-24990,2023-02-10,TerraMaster,TerraMaster OS,7.5,0.94284,High,Yes,Known
CVE-2015-2291,2023-02-10,Intel,Ethernet Diagnostics Driver for Windows,7.8,0.05604,Medium,Yes,Unknown
CVE-2023-0669,2023-02-10,Fortra,GoAnywhere MFT,7.2,0.94378,High,Yes,Known
CVE-2023-21715,2023-02-14,Microsoft,Office,7.3,0.0101,Medium,No,Unknown
CVE-2023-23376,2023-02-14,Microsoft,Windows,7.8,0.22038,Medium,No,Unknown
CVE-2023-23529,2023-02-14,Apple,Multiple Products,8.8,0.0008,Medium,No,Unknown
CVE-2023-21823,2023-02-14,Microsoft,Windows,7.8,0.06669,Medium,Yes,Unknown
CVE-2022-46169,2023-02-16,Cacti,Cacti,9.8,0.94469,Critical,Yes,Unknown
CVE-2022-47986,2023-02-21,IBM,Aspera Faspex,9.8,0.94303,Critical,Yes,Known
CVE-2022-41223,2023-02-21,Mitel,MiVoice Connect,6.8,0.03158,Medium,No,Known
CVE-2022-40765,2023-02-21,Mitel,MiVoice Connect,6.8,0.03099,Medium,No,Known
CVE-2022-36537,2023-02-27,ZK Framework,AuUploader,7.5,0.93977,High,Yes,Known
CVE-2022-28810,2023-03-07,Zoho,ManageEngine,6.8,0.9137,High,No,Unknown
CVE-2022-33891,2023-03-07,Apache,Spark,8.8,0.93513,High,Yes,Unknown
CVE-2022-35914,2023-03-07,Teclib,GLPI,9.8,0.94395,Critical,Yes,Unknown
CVE-2021-39144,2023-03-10,XStream,XStream,8.5,0.9438,High,Yes,Unknown
CVE-2020-5741,2023-03-10,Plex,Media Server,7.2,0.50165,High,No,Unknown
CVE-2022-41328,2023-03-14,Fortinet,FortiOS,6.7,0.00196,Medium,No,Unknown
CVE-2023-23397,2023-03-14,Microsoft,Office,9.8,0.93658,Critical,Yes,Unknown
CVE-2023-24880,2023-03-14,Microsoft,Windows,4.4,0.77286,Medium,No,Known
CVE-2023-26360,2023-03-15,Adobe,ColdFusion,8.6,0.9433,High,Yes,Unknown
CVE-2022-3038,2023-03-30,Google,Chromium Network Service,8.8,0.35994,Medium,No,Unknown
CVE-2021-30900,2023-03-30,Apple,"iOS, iPadOS, and macOS",7.8,0.01194,Medium,No,Unknown
CVE-2017-7494,2023-03-30,Samba,Samba,9.8,0.94176,Critical,Yes,Known
CVE-2013-3163,2023-03-30,Microsoft,Internet Explorer,8.8,0.85003,High,Yes,Unknown
CVE-2022-39197,2023-03-30,Fortra,Cobalt Strike,6.1,0.18381,Medium,Yes,Unknown
CVE-2023-0266,2023-03-30,Linux,Kernel,7.9,0.00092,Medium,Yes,Unknown
CVE-2022-22706,2023-03-30,Arm,Mali Graphics Processing Unit (GPU),7.8,0.00093,Medium,No,Unknown
CVE-2022-38181,2023-03-30,Arm,Mali Graphics Processing Unit (GPU),8.8,0.24547,Medium,Yes,Unknown
CVE-2022-42948,2023-03-30,Fortra,Cobalt Strike,9.8,0.19512,Medium,No,Unknown
CVE-2022-27926,2023-04-03,Synacor,Zimbra Collaboration Suite (ZCS),6.1,0.94248,High,No,Unknown
CVE-2021-27878,2023-04-07,Veritas,Backup Exec Agent,8.8,0.06921,Medium,No,Known
CVE-2021-27877,2023-04-07,Veritas,Backup Exec Agent,8.2,0.29375,Medium,No,Known
CVE-2019-1388,2023-04-07,Microsoft,Windows,7.8,0.11465,Medium,Yes,Known
CVE-2023-26083,2023-04-07,Arm,Mali Graphics Processing Unit (GPU),3.3,0.07328,Low,No,Unknown
CVE-2021-27876,2023-04-07,Veritas,Backup Exec Agent,8.1,0.01972,Medium,No,Known
CVE-2023-28205,2023-04-10,Apple,Multiple Products,8.8,0.00076,Medium,Yes,Unknown
CVE-2023-28206,2023-04-10,Apple,"iOS, iPadOS, and macOS",8.6,0.18813,Medium,Yes,Unknown
CVE-2023-28252,2023-04-11,Microsoft,Windows,7.8,0.54632,High,Yes,Known
CVE-2023-29492,2023-04-13,Novi Survey,Novi Survey,9.8,0.18067,Medium,No,Unknown
CVE-2023-20963,2023-04-13,Android,Framework,7.8,0.02157,Medium,Yes,Unknown
CVE-2023-2033,2023-04-17,Google,Chromium V8,8.8,0.25635,Medium,Yes,Unknown
CVE-2019-8526,2023-04-17,Apple,macOS,7.8,0.00678,Medium,No,Unknown
CVE-2017-6742,2023-04-19,Cisco,IOS and IOS XE Software,8.8,0.04431,Medium,Yes,Unknown
CVE-2023-2136,2023-04-21,Google,Chromium Skia,9.6,0.00353,Medium,No,Unknown
CVE-2023-27350,2023-04-21,PaperCut,MF/NG,9.8,0.94257,Critical,Yes,Known
CVE-2023-28432,2023-04-21,MinIO,MinIO,7.5,0.93931,High,Yes,Unknown
CVE-2023-1389,2023-05-01,TP-Link,Archer AX21,8.8,0.93673,High,Yes,Unknown
CVE-2021-45046,2023-05-01,Apache,Log4j2,9.0,0.9434,Critical,Yes,Known
CVE-2023-21839,2023-05-01,Oracle,WebLogic Server,7.5,0.94175,High,Yes,Unknown
CVE-2023-29336,2023-05-09,Microsoft,Win32k,7.8,0.79462,High,Yes,Unknown
CVE-2016-3427,2023-05-12,Oracle,Java SE and JRockit,9.8,0.93616,Critical,Yes,Unknown
CVE-2021-3560,2023-05-12,Red Hat,Polkit,7.8,0.08138,Medium,Yes,Unknown
CVE-2014-0196,2023-05-12,Linux,Kernel,5.5,0.63842,High,Yes,Unknown
CVE-2023-25717,2023-05-12,Ruckus Wireless,Multiple Products,9.8,0.94239,Critical,No,Unknown
CVE-2016-8735,2023-05-12,Apache,Tomcat,9.8,0.93967,Critical,Yes,Unknown
CVE-2010-3904,2023-05-12,Linux,Kernel,7.8,0.01386,Medium,Yes,Unknown
CVE-2015-5317,2023-05-12,Jenkins,Jenkins User Interface (UI),7.5,0.27392,Medium,No,Unknown
CVE-2004-1464,2023-05-19,Cisco,IOS,5.9,0.01698,Medium,No,Unknown
CVE-2023-21492,2023-05-19,Samsung,Mobile Devices,4.4,0.00407,Low,No,Unknown
CVE-2016-6415,2023-05-19,Cisco,"IOS, IOS XR, and IOS XE",7.5,0.92999,High,Yes,Unknown
CVE-2023-32409,2023-05-22,Apple,Multiple Products,8.6,0.0025,Medium,No,Unknown
CVE-2023-32373,2023-05-22,Apple,Multiple Products,8.8,0.00042,Medium,No,Unknown
CVE-2023-28204,2023-05-22,Apple,Multiple Products,6.5,0.00086,Medium,No,Unknown
CVE-2023-2868,2023-05-26,Barracuda Networks,Email Security Gateway (ESG) Appliance,9.4,0.90312,Critical,Yes,Unknown
CVE-2023-28771,2023-05-31,Zyxel,Multiple Firewalls,9.8,0.94346,Critical,Yes,Unknown
CVE-2023-34362,2023-06-02,Progress,MOVEit Transfer,9.8,0.94254,Critical,Yes,Known
CVE-2023-33009,2023-06-05,Zyxel,Multiple Firewalls,9.8,0.06166,Medium,No,Unknown
CVE-2023-33010,2023-06-05,Zyxel,Multiple Firewalls,9.8,0.05845,Medium,No,Unknown
CVE-2023-3079,2023-06-07,Google,Chromium V8,8.8,0.0156,Medium,Yes,Unknown
CVE-2023-27997,2023-06-13,Fortinet,FortiOS and FortiProxy SSL-VPN,9.8,0.89476,High,Yes,Known
CVE-2021-44026,2023-06-22,Roundcube,Roundcube Webmail,9.8,0.64041,High,Yes,Unknown
CVE-2020-12641,2023-06-22,Roundcube,Roundcube Webmail,9.8,0.93275,Critical,Yes,Unknown
CVE-2020-35730,2023-06-22,Roundcube,Roundcube Webmail,6.1,0.69032,High,Yes,Unknown
CVE-2016-0165,2023-06-22,Microsoft,Win32k,7.8,0.1173,Medium,Yes,Unknown
CVE-2023-20887,2023-06-22,VMware,Aria Operations for Networks,9.8,0.94393,Critical,Yes,Unknown
CVE-2016-9079,2023-06-22,Mozilla,"Firefox, Firefox ESR, and Thunderbird",7.5,0.84813,High,Yes,Unknown
CVE-2023-32435,2023-06-23,Apple,Multiple Products,8.8,0.00415,Medium,No,Unknown
CVE-2023-32439,2023-06-23,Apple,Multiple Products,8.8,0.00987,Medium,No,Unknown
CVE-2023-20867,2023-06-23,VMware,Tools,3.9,0.02946,Low,No,Unknown
CVE-2023-27992,2023-06-23,Zyxel,Multiple Network-Attached Storage (NAS) Devices,9.8,0.84007,High,No,Unknown
CVE-2023-32434,2023-06-23,Apple,Multiple Products,7.8,0.64693,High,Yes,Unknown
CVE-2019-20500,2023-06-29,D-Link,DWL-2600AP Access Point,7.8,0.92073,High,No,Unknown
CVE-2021-25394,2023-06-29,Samsung,Mobile Devices,6.4,0.00615,Medium,No,Unknown
CVE-2021-25372,2023-06-29,Samsung,Mobile Devices,6.1,0.00898,Medium,No,Unknown
CVE-2019-17621,2023-06-29,D-Link,DIR-859 Router,9.8,0.93302,Critical,Yes,Unknown
CVE-2021-25395,2023-06-29,Samsung,Mobile Devices,6.4,0.00172,Medium,No,Unknown
CVE-2021-25489,2023-06-29,Samsung,Mobile Devices,3.3,0.00363,Low,No,Unknown
CVE-2021-25371,2023-06-29,Samsung,Mobile Devices,6.1,0.00898,Medium,No,Unknown
CVE-2021-25487,2023-06-29,Samsung,Mobile Devices,7.3,0.02365,Medium,No,Unknown
CVE-2021-29256,2023-07-07,Arm,Mali Graphics Processing Unit (GPU),8.8,0.00638,Medium,No,Unknown
CVE-2023-36874,2023-07-11,Microsoft,Windows,7.8,0.71153,High,Yes,Unknown
CVE-2022-31199,2023-07-11,Netwrix,Auditor,9.8,0.08052,Medium,Yes,Known
CVE-2023-32046,2023-07-11,Microsoft,Windows,7.8,0.42658,Medium,No,Unknown
CVE-2023-35311,2023-07-11,Microsoft,Outlook,8.8,0.00475,Medium,No,Unknown
CVE-2023-32049,2023-07-11,Microsoft,Windows,8.8,0.09063,Medium,No,Unknown
CVE-2023-37450,2023-07-13,Apple,Multiple Products,8.8,0.00054,Medium,No,Unknown
CVE-2022-29303,2023-07-13,SolarView,Compact,9.8,0.94372,Critical,Yes,Unknown
CVE-2023-36884,2023-07-17,Microsoft,Windows,7.5,0.9322,High,Yes,Known
CVE-2023-3519,2023-07-19,Citrix,NetScaler ADC and NetScaler Gateway,9.8,0.93836,Critical,Yes,Known
CVE-2023-29298,2023-07-20,Adobe,ColdFusion,7.5,0.9429,High,Yes,Unknown
CVE-2023-38205,2023-07-20,Adobe,ColdFusion,7.5,0.9431,High,No,Unknown
CVE-2023-35078,2023-07-25,Ivanti,Endpoint Manager Mobile (EPMM),9.8,0.94482,Critical,Yes,Known
CVE-2023-38606,2023-07-26,Apple,Multiple Products,5.5,0.00097,Medium,No,Unknown
CVE-2023-37580,2023-07-27,Synacor,Zimbra Collaboration Suite (ZCS),6.1,0.93918,High,No,Unknown
CVE-2023-35081,2023-07-31,Ivanti,Endpoint Manager Mobile (EPMM),7.2,0.9272,High,No,Unknown
CVE-2017-18368,2023-08-07,Zyxel,P660HN-T1A Routers,9.8,0.93862,Critical,No,Unknown
CVE-2023-38180,2023-08-09,Microsoft,.NET Core and Visual Studio,7.5,0.00882,Medium,No,Unknown
CVE-2023-24489,2023-08-16,Citrix,Content Collaboration,9.8,0.94389,Critical,Yes,Unknown
CVE-2023-26359,2023-08-21,Adobe,ColdFusion,9.8,0.85917,High,No,Unknown
CVE-2023-27532,2023-08-22,Veeam,Backup & Replication,7.5,0.83191,High,Yes,Known
CVE-2023-38035,2023-08-22,Ivanti,Sentry,9.8,0.94438,Critical,Yes,Known
CVE-2023-32315,2023-08-24,Ignite Realtime,Openfire,8.6,0.94441,High,Yes,Unknown
CVE-2023-38831,2023-08-24,RARLAB,WinRAR,7.8,0.93858,High,Yes,Known
CVE-2023-33246,2023-09-06,Apache,RocketMQ,9.8,0.94388,Critical,Yes,Unknown
CVE-2023-41061,2023-09-11,Apple,"iOS, iPadOS, and watchOS",7.8,0.00985,Medium,No,Unknown
CVE-2023-41064,2023-09-11,Apple,"iOS, iPadOS, and macOS",7.8,0.85892,High,Yes,Unknown
CVE-2023-36761,2023-09-12,Microsoft,Word,6.5,0.07326,Medium,No,Unknown
CVE-2023-36802,2023-09-12,Microsoft,Streaming Service Proxy,7.8,0.78911,High,Yes,Unknown
CVE-2023-35674,2023-09-13,Android,Framework,7.8,0.00087,Medium,Yes,Unknown
CVE-2023-4863,2023-09-13,Google,Chromium WebP,8.8,0.94083,High,Yes,Unknown
CVE-2023-20269,2023-09-13,Cisco,Adaptive Security Appliance and Firepower Threat Defense,5.0,0.0088,Medium,No,Known
CVE-2023-26369,2023-09-14,Adobe,Acrobat and Reader,7.8,0.00563,Medium,No,Unknown
CVE-2021-3129,2023-09-18,Laravel,Ignition,9.8,0.94287,Critical,Yes,Known
CVE-2014-8361,2023-09-18,Realtek,SDK,9.8,0.93992,Critical,Yes,Unknown
CVE-2022-22265,2023-09-18,Samsung,Mobile Devices,5.0,0.00157,Medium,No,Unknown
CVE-2017-6884,2023-09-18,Zyxel,EMG2926 Routers,8.8,0.91063,High,Yes,Unknown
CVE-2023-28434,2023-09-19,MinIO,MinIO,8.8,0.46005,Medium,Yes,Unknown
CVE-2023-41179,2023-09-21,Trend Micro,Apex One and Worry-Free Business Security,7.2,0.02312,Medium,No,Unknown
CVE-2023-41993,2023-09-25,Apple,Multiple Products,8.8,0.21705,Medium,Yes,Unknown
CVE-2023-41992,2023-09-25,Apple,Multiple Products,7.8,0.01349,Medium,Yes,Unknown
CVE-2023-41991,2023-09-25,Apple,Multiple Products,5.5,0.0348,Medium,Yes,Unknown
CVE-2018-14667,2023-09-28,Red Hat,JBoss RichFaces Framework,9.8,0.89374,High,Yes,Unknown
CVE-2023-5217,2023-10-02,Google,Chromium libvpx,8.8,0.03459,Medium,Yes,Unknown
CVE-2023-4211,2023-10-03,Arm,Mali GPU Kernel Driver,5.5,0.00258,Medium,Yes,Unknown
CVE-2023-42793,2023-10-04,JetBrains,TeamCity,9.8,0.92913,Critical,Yes,Known
CVE-2023-28229,2023-10-04,Microsoft,Windows CNG Key Isolation Service,7.0,0.07158,Medium,Yes,Unknown
CVE-2023-22515,2023-10-05,Atlassian,Confluence Data Center and Server,9.8,0.94326,Critical,Yes,Known
CVE-2023-42824,2023-10-05,Apple,iOS and iPadOS,7.8,0.01364,Medium,No,Unknown
CVE-2023-40044,2023-10-05,Progress,WS_FTP Server,10.0,0.94449,Critical,Yes,Known
CVE-2023-44487,2023-10-10,IETF,HTTP/2,7.5,0.94394,High,Yes,Unknown
CVE-2023-21608,2023-10-10,Adobe,Acrobat and Reader,7.8,0.84723,High,Yes,Unknown
CVE-2023-20109,2023-10-10,Cisco,IOS and IOS XE,6.6,0.00576,Medium,No,Unknown
CVE-2023-41763,2023-10-10,Microsoft,Skype for Business,5.3,0.12665,Medium,No,Unknown
CVE-2023-36563,2023-10-10,Microsoft,WordPad,6.5,0.02473,Medium,No,Unknown
CVE-2023-20198,2023-10-16,Cisco,IOS XE Web UI,10.0,0.94013,Critical,Yes,Unknown
CVE-2023-4966,2023-10-18,Citrix,NetScaler ADC and NetScaler Gateway,9.4,0.94348,Critical,Yes,Known
CVE-2023-20273,2023-10-23,Cisco,Cisco IOS XE Web UI,7.2,0.92384,High,Yes,Unknown
CVE-2023-5631,2023-10-26,Roundcube,Webmail,6.1,0.84504,High,No,Unknown
CVE-2023-46748,2023-10-31,F5,BIG-IP Configuration Utility,8.8,0.04348,Medium,No,Unknown
CVE-2023-46747,2023-10-31,F5,BIG-IP Configuration Utility,9.8,0.94436,Critical,Yes,Known
CVE-2023-46604,2023-11-02,Apache,ActiveMQ,10.0,0.94436,Critical,Yes,Known
CVE-2023-22518,2023-11-07,Atlassian,Confluence Data Center and Server,9.8,0.94375,Critical,Yes,Known
CVE-2023-29552,2023-11-08,IETF,Service Location Protocol (SLP),7.5,0.92962,High,No,Unknown
CVE-2023-36847,2023-11-13,Juniper,Junos OS,5.3,0.94042,High,Yes,Unknown
CVE-2023-36851,2023-11-13,Juniper,Junos OS,5.3,0.15289,Medium,No,Unknown
CVE-2023-36845,2023-11-13,Juniper,Junos OS,9.8,0.94355,Critical,Yes,Unknown
CVE-2023-47246,2023-11-13,SysAid,SysAid Server,9.8,0.94345,Critical,Yes,Known
CVE-2023-36844,2023-11-13,Juniper,Junos OS,5.3,0.94302,High,Yes,Unknown
CVE-2023-36846,2023-11-13,Juniper,Junos OS,5.3,0.94226,High,Yes,Unknown
CVE-2023-36033,2023-11-14,Microsoft,Windows,7.8,0.00761,Medium,No,Unknown
CVE-2023-36025,2023-11-14,Microsoft,Windows,8.8,0.90288,High,Yes,Unknown
CVE-2023-36036,2023-11-14,Microsoft,Windows,7.8,0.01223,Medium,No,Unknown
CVE-2020-2551,2023-11-16,Oracle,Fusion Middleware,9.8,0.94412,Critical,Yes,Unknown
CVE-2023-36584,2023-11-16,Microsoft,Windows,5.4,0.15418,Medium,No,Unknown
CVE-2023-1671,2023-11-16,Sophos,Web Appliance,9.8,0.94296,Critical,Yes,Unknown
CVE-2023-4911,2023-11-21,GNU,GNU C Library,7.8,0.73037,High,Yes,Unknown
CVE-2023-49103,2023-11-30,ownCloud,ownCloud graphapi,10.0,0.94329,Critical,Yes,Unknown
CVE-2023-6345,2023-11-30,Google,Chromium Skia,9.6,0.01351,Medium,No,Unknown
CVE-2023-42916,2023-12-04,Apple,Multiple Products,6.5,0.00047,Medium,No,Unknown
CVE-2023-42917,2023-12-04,Apple,Multiple Products,8.8,0.00068,Medium,No,Unknown
CVE-2022-22071,2023-12-05,Qualcomm,Multiple Chipsets,8.4,0.00552,Medium,No,Unknown
CVE-2023-33106,2023-12-05,Qualcomm,Multiple Chipsets,8.4,0.0016,Medium,No,Unknown
CVE-2023-33063,2023-12-05,Qualcomm,Multiple Chipsets,7.8,0.0044,Medium,No,Unknown
CVE-2023-33107,2023-12-05,Qualcomm,Multiple Chipsets,8.4,0.00246,Medium,No,Unknown
CVE-2023-41265,2023-12-07,Qlik,Sense,9.6,0.92043,Critical,Yes,Known
CVE-2023-41266,2023-12-07,Qlik,Sense,8.2,0.94295,High,Yes,Known
CVE-2023-6448,2023-12-11,Unitronics,Vision PLC and HMI,9.8,0.1329,Medium,No,Unknown
CVE-2023-49897,2023-12-21,FXC,"AE1021, AE1021PE",8.8,0.37288,Medium,No,Unknown
CVE-2023-47565,2023-12-21,QNAP,VioStor NVR,8.0,0.85967,High,No,Unknown
CVE-2023-7101,2024-01-02,Spreadsheet::ParseExcel,Spreadsheet::ParseExcel,7.8,0.83314,High,No,Unknown
CVE-2023-7024,2024-01-02,Google,Chromium WebRTC,8.8,0.02901,Medium,Yes,Unknown
CVE-2023-23752,2024-01-08,Joomla!,Joomla!,5.3,0.94517,High,Yes,Unknown
CVE-2023-29300,2024-01-08,Adobe,ColdFusion,9.8,0.93799,Critical,No,Known
CVE-2016-20017,2024-01-08,D-Link,DSL-2750B Devices,9.8,0.93405,Critical,No,Unknown
CVE-2023-27524,2024-01-08,Apache,Superset,8.9,0.84085,High,Yes,Unknown
CVE-2023-41990,2024-01-08,Apple,Multiple Products,7.8,0.02687,Medium,No,Unknown
CVE-2023-38203,2024-01-08,Adobe,ColdFusion,9.8,0.94264,Critical,No,Known
CVE-2023-29357,2024-01-10,Microsoft,SharePoint Server,9.8,0.94356,Critical,Yes,Known
CVE-2023-46805,2024-01-10,Ivanti,Connect Secure and Policy Secure,8.2,0.94367,High,Yes,Unknown
CVE-2024-21887,2024-01-10,Ivanti,Connect Secure and Policy Secure,9.1,0.94412,Critical,Yes,Unknown
CVE-2018-15133,2024-01-16,Laravel,Laravel Framework,8.1,0.86029,High,Yes,Unknown
CVE-2023-6549,2024-01-17,Citrix,NetScaler ADC and NetScaler Gateway,8.2,0.77008,High,No,Unknown
CVE-2023-6548,2024-01-17,Citrix,NetScaler ADC and NetScaler Gateway,5.5,0.06511,Medium,No,Unknown
CVE-2024-0519,2024-01-17,Google,Chromium V8,8.8,0.00468,Medium,Yes,Unknown
CVE-2023-35082,2024-01-18,Ivanti,Endpoint Manager Mobile (EPMM) and MobileIron Core,9.8,0.94423,Critical,Yes,Known
CVE-2023-34048,2024-01-22,VMware,vCenter Server,9.8,0.93065,Critical,No,Unknown
CVE-2024-23222,2024-01-23,Apple,Multiple Products,8.8,0.00216,Medium,No,Unknown
CVE-2023-22527,2024-01-24,Atlassian,Confluence Data Center and Server,9.8,0.94363,Critical,Yes,Known
CVE-2022-48618,2024-01-31,Apple,Multiple Products,7.0,0.00167,Medium,No,Unknown
CVE-2024-21893,2024-01-31,Ivanti,"Connect Secure, Policy Secure, and Neurons",8.2,0.94319,High,Yes,Unknown
CVE-2023-4762,2024-02-06,Google,Chromium V8,8.8,0.48353,Medium,Yes,Unknown
CVE-2024-21762,2024-02-09,Fortinet,FortiOS,9.8,0.92965,Critical,Yes,Unknown
CVE-2023-43770,2024-02-12,Roundcube,Webmail,6.1,0.73059,High,Yes,Unknown
CVE-2024-21351,2024-02-13,Microsoft,Windows,7.6,0.0953,Medium,No,Unknown
CVE-2024-21412,2024-02-13,Microsoft,Windows,8.1,0.93785,High,Yes,Unknown
CVE-2024-21410,2024-02-15,Microsoft,Exchange Server,9.8,0.02444,Medium,No,Unknown
CVE-2020-3259,2024-02-15,Cisco,Adaptive Security Appliance (ASA) and Firepower Threat Defense (FTD),7.5,0.7015,High,No,Known
CVE-2024-1709,2024-02-22,ConnectWise,ScreenConnect,10.0,0.94322,Critical,Yes,Known
CVE-2023-29360,2024-02-29,Microsoft,Streaming Service,8.4,0.2211,Medium,Yes,Unknown
CVE-2024-21338,2024-03-04,Microsoft,Windows,7.8,0.78301,High,Yes,Known
CVE-2023-21237,2024-03-05,Android,Pixel,5.5,0.00703,Medium,No,Unknown
CVE-2021-36380,2024-03-05,Sunhillo,SureLine,9.8,0.93643,Critical,No,Unknown
CVE-2024-23296,2024-03-06,Apple,Multiple Products,7.8,0.00082,Medium,No,Unknown
CVE-2024-23225,2024-03-06,Apple,Multiple Products,7.8,0.00104,Medium,No,Unknown
CVE-2024-27198,2024-03-07,JetBrains,TeamCity,9.8,0.94579,Critical,Yes,Known
CVE-2023-48788,2024-03-25,Fortinet,FortiClient EMS,9.8,0.9416,Critical,Yes,Known
CVE-2021-44529,2024-03-25,Ivanti,Endpoint Manager Cloud Service Appliance (EPM CSA),9.8,0.94461,Critical,Yes,Unknown
CVE-2019-7256,2024-03-25,Nice,Linear eMerge E3-Series,9.8,0.94406,Critical,Yes,Unknown
CVE-2023-24955,2024-03-26,Microsoft,SharePoint Server,7.2,0.91677,High,Yes,Known
CVE-2024-29745,2024-04-04,Android,Pixel,5.5,0.00205,Medium,No,Unknown
CVE-2024-29748,2024-04-04,Android,Pixel,7.8,0.00358,Medium,No,Unknown
CVE-2024-3272,2024-04-11,D-Link,Multiple NAS Devices,9.8,0.94168,Critical,Yes,Unknown
CVE-2024-3273,2024-04-11,D-Link,Multiple NAS Devices,7.3,0.94396,High,Yes,Unknown
CVE-2024-3400,2024-04-12,Palo Alto Networks,PAN-OS,10.0,0.94297,Critical,Yes,Unknown
CVE-2022-38028,2024-04-23,Microsoft,Windows,7.8,0.05859,Medium,No,Unknown
CVE-2024-4040,2024-04-24,CrushFTP,CrushFTP,9.8,0.94426,Critical,Yes,Unknown
CVE-2024-20353,2024-04-24,Cisco,Adaptive Security Appliance (ASA) and Firepower Threat Defense (FTD),8.6,0.19536,Medium,Yes,Unknown
CVE-2024-20359,2024-04-24,Cisco,Adaptive Security Appliance (ASA) and Firepower Threat Defense (FTD),6.0,0.00179,Medium,Yes,Unknown
CVE-2024-29988,2024-04-30,Microsoft,SmartScreen Prompt,8.8,0.66838,High,Yes,Unknown
CVE-2023-7028,2024-05-01,GitLab,GitLab CE/EE,10.0,0.93604,Critical,Yes,Unknown
CVE-2024-4671,2024-05-13,Google,Chromium,9.6,0.00498,Medium,Yes,Unknown
CVE-2024-30040,2024-05-14,Microsoft,Windows,8.8,0.23487,Medium,No,Unknown
CVE-2024-30051,2024-05-14,Microsoft,DWM Core Library,7.8,0.56585,High,Yes,Unknown
CVE-2021-40655,2024-05-16,D-Link,DIR-605 Router,7.5,0.9287,High,No,Unknown
CVE-2014-100005,2024-05-16,D-Link,DIR-600 Router,8.8,0.35431,Medium,No,Unknown
CVE-2024-4761,2024-05-16,Google,Chromium Visuals,8.8,0.03682,Medium,Yes,Unknown
CVE-2024-4947,2024-05-20,Google,Chromium V8,9.6,0.01127,Medium,Yes,Unknown
CVE-2023-43208,2024-05-20,NextGen Healthcare,Mirth Connect,9.8,0.94416,Critical,Yes,Unknown
CVE-2020-17519,2024-05-23,Apache,Flink,7.5,0.94383,High,Yes,Unknown
CVE-2024-5274,2024-05-28,Google,Chromium V8,9.6,0.0731,Medium,Yes,Unknown
CVE-2024-4978,2024-05-29,Justice AV Solutions,Viewer ,8.4,0.14148,Medium,No,Unknown
CVE-2024-1086,2024-05-30,Linux,Kernel,7.8,0.84798,High,Yes,Unknown
CVE-2024-24919,2024-05-30,Check Point,Quantum Security Gateways,8.6,0.94342,High,Yes,Unknown
CVE-2017-3506,2024-06-03,Oracle,WebLogic Server,7.4,0.94393,High,Yes,Unknown
CVE-2024-4577,2024-06-12,PHP Group,PHP,9.8,0.94374,Critical,Yes,Known
CVE-2024-4610,2024-06-12,Arm,Mali GPU Kernel Driver,7.8,0.00482,Medium,No,Unknown
CVE-2024-26169,2024-06-13,Microsoft,Windows,7.8,0.34581,Medium,Yes,Known
CVE-2024-32896,2024-06-13,Android,Pixel,7.8,0.00132,Medium,No,Unknown
CVE-2024-4358,2024-06-13,Progress,Telerik Report Server,9.8,0.94344,Critical,Yes,Unknown
CVE-2022-24816,2024-06-26,OSGeo,JAI-EXT,10.0,0.93714,Critical,Yes,Unknown
CVE-2022-2586,2024-06-26,Linux,Kernel,5.3,0.02804,Medium,Yes,Unknown
CVE-2020-13965,2024-06-26,Roundcube,Webmail,6.1,0.82687,High,Yes,Unknown
CVE-2024-20399,2024-07-02,Cisco,NX-OS,6.0,0.00614,Medium,No,Unknown
CVE-2024-38112,2024-07-09,Microsoft,Windows,7.5,0.92823,High,Yes,Unknown
CVE-2024-23692,2024-07-09,Rejetto,HTTP File Server,9.8,0.94297,Critical,Yes,Unknown
CVE-2024-38080,2024-07-09,Microsoft,Windows ,7.8,0.20867,Medium,Yes,Unknown
CVE-2024-36401,2024-07-15,OSGeo,GeoServer,9.8,0.94425,Critical,Yes,Unknown
CVE-2024-28995,2024-07-17,SolarWinds,Serv-U,8.6,0.94354,High,Yes,Unknown
CVE-2024-34102,2024-07-17,Adobe,Commerce and Magento Open Source,9.8,0.94101,Critical,Yes,Unknown
CVE-2022-22948,2024-07-17,VMware,vCenter Server,6.5,0.2601,Medium,Yes,Unknown
CVE-2024-39891,2024-07-23,Twilio,Authy,5.3,0.23189,Medium,No,Unknown
CVE-2012-4792,2024-07-23,Microsoft,Internet Explorer,8.8,0.9183,High,Yes,Unknown
CVE-2023-45249,2024-07-29,Acronis,Cyber Infrastructure (ACI),9.8,0.93342,Critical,No,Unknown
CVE-2024-5217,2024-07-29,ServiceNow,"Utah, Vancouver, and Washington DC Now",9.8,0.94108,Critical,Yes,Unknown
CVE-2024-4879,2024-07-29,ServiceNow,"Utah, Vancouver, and Washington DC Now",9.8,0.94349,Critical,Yes,Unknown
CVE-2024-37085,2024-07-30,VMware,ESXi,6.8,0.71917,High,Yes,Known
CVE-2018-0824,2024-08-05,Microsoft,Windows,8.8,0.90636,High,Yes,Unknown
CVE-2024-36971,2024-08-07,Android,Kernel,7.8,0.005,Medium,Yes,Unknown
CVE-2024-32113,2024-08-07,Apache,OFBiz,9.8,0.93963,Critical,Yes,Unknown
CVE-2024-38107,2024-08-13,Microsoft,Windows,7.8,0.02757,Medium,No,Unknown
CVE-2024-38106,2024-08-13,Microsoft,Windows,7.0,0.00753,Medium,No,Unknown
CVE-2024-38178,2024-08-13,Microsoft,Windows,7.5,0.26348,Medium,No,Unknown
CVE-2024-38189,2024-08-13,Microsoft,Project,8.8,0.54672,High,Yes,Unknown
CVE-2024-38193,2024-08-13,Microsoft,Windows,7.8,0.74832,High,Yes,Unknown
CVE-2024-38213,2024-08-13,Microsoft,Windows,6.5,0.59323,High,No,Unknown
CVE-2024-28986,2024-08-15,SolarWinds,Web Help Desk,9.8,0.83236,High,No,Unknown
CVE-2024-23897,2024-08-19,Jenkins,Jenkins Command Line Interface (CLI),9.8,0.94466,Critical,Yes,Known
CVE-2022-0185,2024-08-21,Linux,Kernel,8.4,0.01019,Medium,Yes,Unknown
CVE-2021-33045,2024-08-21,Dahua,IP Camera Firmware,9.8,0.94171,Critical,Yes,Unknown
CVE-2021-31196,2024-08-21,Microsoft,Exchange Server,7.2,0.08139,Medium,Yes,Unknown
CVE-2021-33044,2024-08-21,Dahua,IP Camera Firmware,9.8,0.94269,Critical,Yes,Unknown
CVE-2024-39717,2024-08-23,Versa,Director,7.2,0.04642,Medium,Yes,Unknown
CVE-2024-7971,2024-08-26,Google,Chromium V8,9.6,0.0088,Medium,Yes,Unknown
CVE-2024-38856,2024-08-27,Apache,OFBiz,9.8,0.94375,Critical,Yes,Unknown
CVE-2024-7965,2024-08-28,Google,Chromium V8,8.8,0.27075,Medium,Yes,Unknown
CVE-2021-20124,2024-09-03,DrayTek,VigorConnect,7.5,0.94059,High,No,Unknown
CVE-2021-20123,2024-09-03,DrayTek,VigorConnect,7.5,0.93989,High,No,Unknown
CVE-2024-7262,2024-09-03,Kingsoft,WPS Office,7.8,0.17276,Medium,No,Unknown
CVE-2017-1000253,2024-09-09,Linux,Kernel,7.8,0.57207,High,Yes,Known
CVE-2016-3714,2024-09-09,ImageMagick,ImageMagick,8.4,0.93749,High,Yes,Unknown
CVE-2024-40766,2024-09-09,SonicWall,SonicOS,9.8,0.07043,Medium,No,Known
CVE-2024-38014,2024-09-10,Microsoft,Windows,7.8,0.12828,Medium,No,Unknown
CVE-2024-38226,2024-09-10,Microsoft,Publisher,7.3,0.01432,Medium,No,Unknown
CVE-2024-38217,2024-09-10,Microsoft,Windows,5.4,0.13571,Medium,No,Unknown
CVE-2024-8190,2024-09-13,Ivanti,Cloud Services Appliance,7.2,0.91935,High,Yes,Unknown
CVE-2024-6670,2024-09-16,Progress,WhatsUp Gold,9.8,0.94468,Critical,Yes,Known
CVE-2024-43461,2024-09-16,Microsoft,Windows,8.8,0.14269,Medium,No,Unknown
CVE-2013-0643,2024-09-17,Adobe,Flash Player,8.8,0.57879,High,No,Unknown
CVE-2013-0648,2024-09-17,Adobe,Flash Player,8.8,0.54669,High,No,Unknown
CVE-2014-0502,2024-09-17,Adobe,Flash Player,8.8,0.88953,High,No,Unknown
CVE-2014-0497,2024-09-17,Adobe,Flash Player,9.8,0.93303,Critical,Yes,Unknown
CVE-2020-0618,2024-09-18,Microsoft,SQL Server,8.8,0.94252,High,Yes,Unknown
CVE-2024-27348,2024-09-18,Apache,HugeGraph-Server,9.8,0.94344,Critical,Yes,Unknown
CVE-2022-21445,2024-09-18,Oracle,ADF Faces,9.8,0.92027,Critical,Yes,Unknown
CVE-2020-14644,2024-09-18,Oracle,WebLogic Server,9.8,0.9364,Critical,Yes,Unknown
CVE-2024-8963,2024-09-19,Ivanti,Cloud Services Appliance (CSA),9.4,0.94225,Critical,Yes,Unknown
CVE-2024-7593,2024-09-24,Ivanti,Virtual Traffic Manager,9.8,0.94436,Critical,Yes,Unknown
CVE-2020-15415,2024-09-30,DrayTek,Multiple Vigor Routers,9.8,0.93115,Critical,No,Unknown
CVE-2023-25280,2024-09-30,D-Link,DIR-820 Router,9.8,0.92752,Critical,No,Unknown
CVE-2019-0344,2024-09-30,SAP,Commerce Cloud,9.8,0.40616,Medium,No,Unknown
CVE-2024-29824,2024-10-02,Ivanti,Endpoint Manager (EPM),8.8,0.94025,High,Yes,Unknown
CVE-2024-45519,2024-10-03,Synacor,Zimbra Collaboration,10.0,0.9414,Critical,Yes,Unknown
CVE-2024-43573,2024-10-08,Microsoft,Windows,6.5,0.18555,Medium,No,Unknown
CVE-2024-43572,2024-10-08,Microsoft,Windows,7.8,0.44256,Medium,No,Unknown
CVE-2024-43047,2024-10-08,Qualcomm,Multiple Chipsets ,7.8,0.01747,Medium,No,Unknown
CVE-2024-9380,2024-10-09,Ivanti,Cloud Services Appliance (CSA),7.2,0.88144,High,No,Unknown
CVE-2024-23113,2024-10-09,Fortinet,Multiple Products,9.8,0.51233,High,Yes,Unknown
CVE-2024-9379,2024-10-09,Ivanti,Cloud Services Appliance (CSA),6.5,0.817,High,No,Unknown
CVE-2024-30088,2024-10-15,Microsoft,Windows ,7.0,0.86251,High,Yes,Unknown
CVE-2024-28987,2024-10-15,SolarWinds,Web Help Desk,9.1,0.9429,Critical,Yes,Unknown
CVE-2024-9680,2024-10-15,Mozilla,Firefox,9.8,0.24625,Medium,Yes,Unknown
CVE-2024-40711,2024-10-17,Veeam,Backup & Replication,9.8,0.66734,High,Yes,Known
CVE-2024-9537,2024-10-21,ScienceLogic,SL1,9.8,0.64398,High,No,Unknown
CVE-2024-38094,2024-10-22,Microsoft,SharePoint,7.2,0.69593,High,No,Unknown
CVE-2024-47575,2024-10-23,Fortinet,FortiManager,9.8,0.93846,Critical,Yes,Unknown
CVE-2024-20481,2024-10-24,Cisco,Adaptive Security Appliance (ASA) and Firepower Threat Defense (FTD),5.8,0.11122,Medium,No,Unknown
CVE-2024-37383,2024-10-24,Roundcube,Webmail,6.1,0.66361,High,Yes,Unknown
CVE-2024-8956,2024-11-04,PTZOptics,PT30X-SDI/NDI Cameras,9.1,0.82393,High,No,Unknown
CVE-2024-8957,2024-11-04,PTZOptics,PT30X-SDI/NDI Cameras,7.2,0.55516,High,No,Unknown
CVE-2024-51567,2024-11-07,CyberPersons,CyberPanel,10.0,0.9431,Critical,Yes,Unknown
CVE-2019-16278,2024-11-07,Nostromo,nhttpd,9.8,0.94393,Critical,Yes,Unknown
CVE-2024-43093,2024-11-07,Android,Framework,7.8,0.00115,Medium,No,Unknown
CVE-2024-5910,2024-11-07,Palo Alto Networks,Expedition,9.8,0.91029,Critical,Yes,Unknown
CVE-2021-26086,2024-11-12,Atlassian,Jira Server and Data Center,5.3,0.94189,High,Yes,Unknown
CVE-2024-43451,2024-11-12,Microsoft,Windows,6.5,0.89928,High,Yes,Unknown
CVE-2014-2120,2024-11-12,Cisco,Adaptive Security Appliance (ASA),6.1,0.69042,High,No,Unknown
CVE-2021-41277,2024-11-12,Metabase,Metabase,10.0,0.94349,Critical,Yes,Unknown
CVE-2024-49039,2024-11-12,Microsoft,Windows,8.8,0.62667,High,Yes,Unknown
CVE-2024-9465,2024-11-14,Palo Alto Networks,Expedition,9.1,0.94286,Critical,Yes,Unknown
CVE-2024-9463,2024-11-14,Palo Alto Networks,Expedition,7.5,0.94199,High,Yes,Unknown
CVE-2024-9474,2024-11-18,Palo Alto Networks,PAN-OS,7.2,0.94184,High,Yes,Unknown
CVE-2024-0012,2024-11-18,Palo Alto Networks,PAN-OS,9.8,0.943,Critical,Yes,Unknown
CVE-2024-1212,2024-11-18,Progress,Kemp LoadMaster,10.0,0.94313,Critical,Yes,Unknown
CVE-2024-38813,2024-11-20,VMware,vCenter Server,7.5,0.29526,Medium,No,Unknown
CVE-2024-38812,2024-11-20,VMware,vCenter Server,9.8,0.79504,High,No,Unknown
CVE-2024-21287,2024-11-21,Oracle,Agile Product Lifecycle Management (PLM),7.5,0.69826,High,No,Unknown
CVE-2024-44308,2024-11-21,Apple,Multiple Products,8.8,0.01857,Medium,Yes,Unknown
CVE-2024-44309,2024-11-21,Apple,Multiple Products,6.1,0.00581,Medium,No,Unknown
CVE-2023-28461,2024-11-25,Array Networks ,AG/vxAG ArrayOS,9.8,0.87179,High,No,Known
CVE-2024-11680,2024-12-03,ProjectSend,ProjectSend,9.8,0.9349,Critical,Yes,Unknown
CVE-2024-11667,2024-12-03,Zyxel,Multiple Firewalls,7.5,0.34189,Medium,No,Known
CVE-2023-45727,2024-12-03,North Grid,Proself,7.5,0.21047,Medium,No,Unknown
CVE-2024-51378,2024-12-04,CyberPersons,CyberPanel,10.0,0.93851,Critical,Yes,Known
CVE-2024-49138,2024-12-10,Microsoft,Windows,7.8,0.85681,High,Yes,Unknown
CVE-2024-50623,2024-12-13,Cleo,Multiple Products,9.8,0.94011,Critical,Yes,Known
CVE-2024-20767,2024-12-16,Adobe,ColdFusion,7.4,0.94117,High,Yes,Unknown
CVE-2024-35250,2024-12-16,Microsoft,Windows,7.8,0.55506,High,Yes,Unknown
CVE-2024-55956,2024-12-17,Cleo,Multiple Products,9.8,0.9122,Critical,No,Known
CVE-2018-14933,2024-12-18,NUUO,NVRmini Devices,9.8,0.93874,Critical,Yes,Unknown
CVE-2019-11001,2024-12-18,Reolink,Multiple IP Cameras,7.2,0.33815,Medium,No,Unknown
CVE-2021-40407,2024-12-18,Reolink,RLC-410W IP Camera,9.8,0.32575,Medium,No,Unknown
CVE-2022-23227,2024-12-18,NUUO,NVRmini2 Devices,9.8,0.46611,Medium,No,Unknown
CVE-2024-12356,2024-12-19,BeyondTrust,Privileged Remote Access (PRA) and Remote Support (RS) ,9.8,0.93778,Critical,No,Unknown
CVE-2021-44207,2024-12-23,Acclaim Systems,USAHERDS,8.1,0.08924,Medium,No,Unknown
CVE-2024-3393,2024-12-30,Palo Alto Networks,PAN-OS,7.5,0.66594,High,Yes,Unknown
CVE-2020-2883,2025-01-07,Oracle,WebLogic Server,9.8,0.94357,Critical,Yes,Unknown
CVE-2024-55550,2025-01-07,Mitel,MiCollab,2.7,0.13141,Low,No,Unknown
CVE-2024-41713,2025-01-07,Mitel,MiCollab,9.1,0.9414,Critical,Yes,Unknown
CVE-2025-0282,2025-01-08,Ivanti,"Connect Secure, Policy Secure, and ZTA Gateways",9.0,0.94105,Critical,Yes,Unknown
CVE-2023-48365,2025-01-13,Qlik,Sense,9.6,0.53803,High,No,Unknown
CVE-2024-12686,2025-01-13,BeyondTrust,Privileged Remote Access (PRA) and Remote Support (RS),6.6,0.36995,Medium,No,Unknown
CVE-2025-21335,2025-01-14,Microsoft,Windows,7.8,0.05487,Medium,No,Unknown
CVE-2025-21334,2025-01-14,Microsoft,Windows,7.8,0.04131,Medium,No,Unknown
CVE-2024-55591,2025-01-14,Fortinet,FortiOS and FortiProxy,9.8,0.94114,Critical,Yes,Unknown
CVE-2025-21333,2025-01-14,Microsoft,Windows,7.8,0.76795,High,Yes,Unknown
CVE-2024-50603,2025-01-16,Aviatrix,Controllers,10.0,0.94352,Critical,Yes,Unknown
CVE-2020-11023,2025-01-23,JQuery,JQuery,6.9,0.32295,Medium,Yes,Unknown
CVE-2025-23006,2025-01-24,SonicWall,SMA1000 Appliances,9.8,0.28602,Medium,No,Unknown
CVE-2025-24085,2025-01-29,Apple,Multiple Products,7.8,0.28136,Medium,Yes,Unknown
CVE-2024-29059,2025-02-04,Microsoft,.NET Framework,7.5,0.93859,High,Yes,Unknown
CVE-2024-45195,2025-02-04,Apache,OFBiz,7.5,0.94148,High,Yes,Unknown
CVE-2018-9276,2025-02-04,Paessler,PRTG Network Monitor,7.2,0.81539,High,Yes,Unknown
CVE-2018-19410,2025-02-04,Paessler,PRTG Network Monitor,9.8,0.91753,Critical,Yes,Unknown
CVE-2024-53104,2025-02-05,Linux,Kernel,7.8,0.10125,Medium,No,Unknown
CVE-2022-23748,2025-02-06,Audinate,Dante Discovery,7.8,0.11737,Medium,No,Unknown
CVE-2025-0411,2025-02-06,7-Zip,7-Zip,7.0,0.32631,Medium,Yes,Unknown
CVE-2024-21413,2025-02-06,Microsoft,Office Outlook,9.8,0.93407,Critical,Yes,Unknown
CVE-2020-29574,2025-02-06,Sophos,CyberoamOS,9.8,0.08409,Medium,No,Unknown
CVE-2020-15069,2025-02-06,Sophos,XG Firewall,9.8,0.82581,High,No,Unknown
CVE-2025-0994,2025-02-07,Trimble,Cityworks,8.6,0.77795,High,Yes,Unknown
CVE-2025-21418,2025-02-11,Microsoft,Windows,7.8,0.08432,Medium,No,Unknown
CVE-2024-40890,2025-02-11,Zyxel,DSL CPE Devices,8.8,0.13039,Medium,No,Unknown
CVE-2024-40891,2025-02-11,Zyxel,DSL CPE Devices,8.8,0.39299,Medium,No,Unknown
CVE-2025-21391,2025-02-11,Microsoft,Windows,7.1,0.02179,Medium,No,Unknown
CVE-2025-24200,2025-02-12,Apple,iOS and iPadOS,6.1,0.4149,Medium,Yes,Unknown
CVE-2024-41710,2025-02-12,Mitel,SIP Phones,7.2,0.21138,Medium,No,Unknown
CVE-2024-57727,2025-02-13,SimpleHelp ,SimpleHelp,7.5,0.93845,High,Yes,Unknown
CVE-2024-53704,2025-02-18,SonicWall,SonicOS,8.2,0.93819,High,Yes,Unknown
CVE-2025-0108,2025-02-18,Palo Alto,PAN-OS,8.8,0.94007,High,Yes,Unknown
CVE-2025-0111,2025-02-20,Palo Alto Networks,PAN-OS,7.1,0.02485,Medium,No,Unknown
CVE-2025-23209,2025-02-20,Craft CMS,Craft CMS,8.0,0.04664,Medium,No,Unknown
CVE-2025-24989,2025-02-21,Microsoft,Power Pages,8.2,0.25708,Medium,No,Unknown
CVE-2017-3066,2025-02-24,Adobe,ColdFusion,9.8,0.93362,Critical,Yes,Unknown
CVE-2024-20953,2025-02-24,Oracle,Agile Product Lifecycle Management (PLM),8.8,0.69038,High,No,Unknown
CVE-2024-49035,2025-02-25,Microsoft,Partner Center,8.7,0.06163,Medium,No,Unknown
CVE-2023-34192,2025-02-25,Synacor,Zimbra Collaboration Suite (ZCS),9.0,0.89435,High,No,Unknown
CVE-2023-20118,2025-03-03,Cisco,Small Business RV Series Routers,6.5,0.03364,Medium,No,Unknown
CVE-2022-43769,2025-03-03,Hitachi Vantara,Pentaho Business Analytics (BA) Server,8.8,0.93976,High,Yes,Unknown
CVE-2022-43939,2025-03-03,Hitachi Vantara,Pentaho Business Analytics (BA) Server,8.6,0.93789,High,Yes,Unknown
CVE-2024-4885,2025-03-03,Progress,WhatsUp Gold,9.8,0.9426,Critical,Yes,Unknown
CVE-2018-8639,2025-03-03,Microsoft,Windows,7.8,0.34953,Medium,Yes,Unknown
CVE-2024-50302,2025-03-04,Linux,Kernel,5.5,0.01435,Medium,No,Unknown
CVE-2025-22224,2025-03-04,VMware,ESXi and Workstation,9.3,0.5774,High,Yes,Unknown
CVE-2025-22225,2025-03-04,VMware,ESXi,8.2,0.06152,Medium,No,Unknown
CVE-2025-22226,2025-03-04,VMware,"ESXi, Workstation, and Fusion",7.1,0.04107,Medium,No,Unknown
CVE-2024-13161,2025-03-10,Ivanti,Endpoint Manager (EPM),9.8,0.9131,Critical,No,Unknown
CVE-2024-13159,2025-03-10,Ivanti,Endpoint Manager (EPM),9.8,0.94138,Critical,Yes,Unknown
CVE-2024-13160,2025-03-10,Ivanti,Endpoint Manager (EPM),9.8,0.92818,Critical,No,Unknown
CVE-2024-57968,2025-03-10,Advantive,VeraCore,9.9,0.25135,Medium,No,Unknown
CVE-2025-25181,2025-03-10,Advantive,VeraCore,5.8,0.79712,High,No,Unknown
CVE-2025-26633,2025-03-11,Microsoft,Windows,7.0,0.08063,Medium,Yes,Unknown
CVE-2025-24993,2025-03-11,Microsoft,Windows,7.8,0.01091,Medium,No,Unknown
CVE-2025-24985,2025-03-11,Microsoft,Windows,7.8,0.00968,Medium,Yes,Unknown
CVE-2025-24984,2025-03-11,Microsoft,Windows,4.6,0.04971,Low,No,Unknown
CVE-2025-24991,2025-03-11,Microsoft,Windows,5.5,0.00711,Medium,No,Unknown
CVE-2025-24983,2025-03-11,Microsoft,Windows,7.0,0.00665,Medium,No,Unknown
CVE-2025-24201,2025-03-13,Apple,Multiple Products,8.8,0.00084,Medium,Yes,Unknown
CVE-2025-21590,2025-03-13,Juniper,Junos OS,6.7,0.02738,Medium,No,Unknown
CVE-2025-30066,2025-03-18,tj-actions,changed-files GitHub Action,8.6,0.90878,High,Yes,Unknown
CVE-2025-24472,2025-03-18,Fortinet,FortiOS and FortiProxy,8.1,0.04369,Medium,No,Known
CVE-2025-1316,2025-03-19,Edimax,IC-7100 IP Camera,9.3,0.84082,High,No,Unknown
CVE-2024-48248,2025-03-19,NAKIVO,Backup and Replication,8.6,0.93973,High,Yes,Unknown
CVE-2017-12637,2025-03-19,SAP,NetWeaver,7.5,0.93219,High,Yes,Unknown
CVE-2025-30154,2025-03-24,reviewdog,action-setup GitHub Action,8.6,0.17943,Medium,No,Unknown
CVE-2019-9874,2025-03-26,Sitecore,CMS and Experience Platform (XP),9.8,0.78933,High,No,Unknown
CVE-2019-9875,2025-03-26,Sitecore,CMS and Experience Platform (XP),8.8,0.24766,Medium,No,Unknown
CVE-2025-2783,2025-03-27,Google,Chromium Mojo,8.3,0.38105,Medium,Yes,Unknown
CVE-2024-20439,2025-03-31,Cisco,Smart Licensing Utility,9.8,0.86315,High,No,Unknown
CVE-2025-24813,2025-04-01,Apache,Tomcat,9.8,0.94183,Critical,Yes,Unknown
CVE-2025-22457,2025-04-04,Ivanti,"Connect Secure, Policy Secure and ZTA Gateways",9.0,0.55523,High,Yes,Unknown
CVE-2025-31161,2025-04-07,CrushFTP,CrushFTP,9.8,0.87967,High,Yes,Unknown
CVE-2025-29824,2025-04-08,Microsoft,Windows,7.8,0.00829,Medium,Yes,Unknown
CVE-2025-30406,2025-04-08,Gladinet,CentreStack,9.0,0.88611,High,Yes,Unknown
CVE-2024-53197,2025-04-09,Linux,Kernel,7.8,0.01831,Medium,No,Unknown
CVE-2024-53150,2025-04-09,Linux,Kernel,7.1,0.01865,Medium,No,Unknown
CVE-2021-20035,2025-04-16,SonicWall,SMA100 Appliances,6.5,0.04544,Medium,No,Unknown
CVE-2025-31200,2025-04-17,Apple,Multiple Products,7.5,0.01731,Medium,Yes,Unknown
CVE-2025-31201,2025-04-17,Apple,Multiple Products,6.8,0.04376,Medium,Yes,Unknown
CVE-2025-24054,2025-04-17,Microsoft,Windows,6.5,0.10789,Medium,Yes,Unknown
CVE-2025-1976,2025-04-28,Broadcom,Brocade Fabric OS,8.6,0.00798,Medium,No,Unknown
CVE-2025-3928,2025-04-28,Commvault,Web Server,8.7,0.16826,Medium,Yes,Unknown
CVE-2025-42599,2025-04-28,Qualitia,Active! Mail,9.8,0.08014,Medium,Yes,Unknown
CVE-2025-31324,2025-04-29,SAP,NetWeaver,10.0,0.33314,Medium,Yes,Unknown
CVE-2023-44221,2025-05-01,SonicWall,SMA100 Appliances,7.2,0.2174,Medium,No,Unknown
CVE-2024-38475,2025-05-01,Apache,HTTP Server,9.1,0.93779,Critical,Yes,Unknown
CVE-2024-58136,2025-05-02,Yiiframework,Yii,9.0,0.62133,High,No,Unknown
CVE-2025-34028,2025-05-02,Commvault,Command Center,10.0,0.45091,Medium,Yes,Unknown
CVE-2025-3248,2025-05-05,Langflow,Langflow,9.8,0.91417,Critical,Yes,Unknown
CVE-2025-27363,2025-05-06,FreeType,FreeType,8.1,0.76675,High,Yes,Unknown
CVE-2024-11120,2025-05-07,GeoVision,Multiple Devices,9.8,0.66138,High,No,Unknown
CVE-2024-6047,2025-05-07,GeoVision,Multiple Devices,9.8,0.72966,High,No,Unknown
CVE-2025-47729,2025-05-12,TeleMessage,TM SGNL,1.9,0.02497,Low,No,Unknown
CVE-2025-30397,2025-05-13,Microsoft,Windows,7.5,0.21265,Medium,Yes,Unknown
CVE-2025-32701,2025-05-13,Microsoft,Windows,7.8,0.01544,Medium,No,Unknown
CVE-2025-30400,2025-05-13,Microsoft,Windows,7.8,0.01126,Medium,Yes,Unknown
CVE-2025-32709,2025-05-13,Microsoft,Windows,7.8,0.00839,Medium,Yes,Unknown
CVE-2025-32706,2025-05-13,Microsoft,Windows,7.8,0.013,Medium,No,Unknown
CVE-2025-32756,2025-05-14,Fortinet,Multiple Products,9.8,0.33121,Medium,Yes,Unknown
CVE-2025-4664,2025-05-15,Google,Chromium,4.3,0.00017,Low,Yes,Unknown
CVE-2024-12987,2025-05-15,DrayTek,Vigor Routers,6.9,0.81091,High,No,Unknown
CVE-2025-42999,2025-05-15,SAP,NetWeaver,9.1,0.65707,High,Yes,Unknown
CVE-2025-4427,2025-05-19,Ivanti,Endpoint Manager Mobile (EPMM),5.3,0.91401,High,Yes,Unknown
CVE-2024-27443,2025-05-19,Synacor,Zimbra Collaboration Suite (ZCS),6.1,0.32434,Medium,No,Unknown
CVE-2023-38950,2025-05-19,ZKTeco,BioTime,7.5,0.80791,High,No,Unknown
CVE-2024-11182,2025-05-19,MDaemon,Email Server,5.3,0.12925,Medium,No,Unknown
CVE-2025-27920,2025-05-19,Srimax,Output Messenger,7.2,0.46075,Medium,No,Unknown
CVE-2025-4428,2025-05-19,Ivanti,Endpoint Manager Mobile (EPMM),7.2,0.51941,High,Yes,Unknown
CVE-2025-4632,2025-05-22,Samsung,MagicINFO 9 Server,9.8,0.42679,Medium,Yes,Unknown
CVE-2025-35939,2025-06-02,Craft CMS,Craft CMS,6.9,0.20814,Medium,No,Unknown
CVE-2023-39780,2025-06-02,ASUS,RT-AX55 Routers,8.8,0.42656,Medium,No,Unknown
CVE-2025-3935,2025-06-02,ConnectWise,ScreenConnect,8.1,0.12304,Medium,No,Unknown
CVE-2024-56145,2025-06-02,Craft CMS,Craft CMS,9.3,0.93776,Critical,Yes,Unknown
CVE-2021-32030,2025-06-02,ASUS,Routers,9.8,0.94215,Critical,No,Unknown
CVE-2025-21480,2025-06-03,Qualcomm,Multiple Chipsets,8.6,0.01176,Medium,No,Unknown
CVE-2025-21479,2025-06-03,Qualcomm,Multiple Chipsets,8.6,0.00074,Medium,Yes,Unknown
CVE-2025-27038,2025-06-03,Qualcomm,Multiple Chipsets,7.5,0.01071,Medium,No,Unknown
CVE-2025-5419,2025-06-05,Google,Chromium V8,8.8,0.01656,Medium,Yes,Unknown
CVE-2024-42009,2025-06-09,Roundcube,Webmail,9.3,0.91224,Critical,Yes,Unknown
CVE-2025-32433,2025-06-09,Erlang,Erlang/OTP,10.0,0.47695,Medium,Yes,Unknown
CVE-2025-24016,2025-06-10,Wazuh,Wazuh Server,9.9,0.93801,Critical,Yes,Unknown
CVE-2025-33053,2025-06-10,Web Distributed Authoring and Versioning,Web Distributed Authoring and Versioning (WebDAV),8.8,0.25496,Medium,Yes,Unknown
CVE-2025-43200,2025-06-16,Apple,Multiple Products,4.8,0.00323,Low,Yes,Unknown
CVE-2023-33538,2025-06-16,TP-Link,Multiple Routers,8.8,0.9132,High,Yes,Unknown
CVE-2023-0386,2025-06-17,Linux,Kernel,7.8,0.56944,High,Yes,Unknown
CVE-2024-0769,2025-06-25,D-Link,DIR-859 Router,5.3,0.68921,High,No,Unknown
CVE-2019-6693,2025-06-25,Fortinet,FortiOS,6.5,0.7127,High,Yes,Unknown
CVE-2024-54085,2025-06-25,AMI,MegaRAC SPx,10.0,0.10474,Medium,Yes,Unknown
CVE-2025-6543,2025-06-30,Citrix,NetScaler ADC and Gateway,9.2,0.03048,Medium,Yes,Unknown
CVE-2025-48928,2025-07-01,TeleMessage,TM SGNL,4.0,0.04423,Low,No,Unknown
CVE-2025-48927,2025-07-01,TeleMessage,TM SGNL,5.3,0.04675,Medium,No,Unknown
CVE-2025-6554,2025-07-02,Google,Chromium V8,8.1,0.00369,Medium,Yes,Unknown
CVE-2016-10033,2025-07-07,PHP,PHPMailer,9.8,0.9447,Critical,Yes,Unknown
CVE-2014-3931,2025-07-07,Looking Glass,Multi-Router Looking Glass (MRLG),9.8,0.35558,Medium,No,Unknown
CVE-2019-5418,2025-07-07,Rails,Ruby on Rails,7.5,0.94336,High,Yes,Unknown
CVE-2019-9621,2025-07-07,Synacor,Zimbra Collaboration Suite (ZCS),7.5,0.94119,High,Yes,Unknown
CVE-2025-5777,2025-07-10,Citrix,NetScaler ADC and Gateway,9.3,0.77305,High,Yes,Unknown
CVE-2025-47812,2025-07-14,Wing FTP Server,Wing FTP Server,10.0,0.92465,Critical,Yes,Unknown
CVE-2025-25257,2025-07-18,Fortinet,FortiWeb,9.8,0.65525,High,Yes,Unknown
CVE-2025-53770,2025-07-20,Microsoft,SharePoint,9.8,0.90947,Critical,Yes,Unknown
CVE-2025-54309,2025-07-22,CrushFTP,CrushFTP,9.0,0.72177,High,Yes,Unknown
CVE-2025-49704,2025-07-22,Microsoft,SharePoint,8.8,0.69296,High,No,Unknown
CVE-2025-2776,2025-07-22,SysAid,SysAid On-Prem,9.3,0.60228,High,Yes,Unknown
CVE-2025-49706,2025-07-22,Microsoft,SharePoint,6.5,0.71161,High,Yes,Unknown
CVE-2025-6558,2025-07-22,Google,Chromium,8.8,0.00094,Medium,Yes,Unknown
CVE-2025-2775,2025-07-22,SysAid,SysAid On-Prem,9.3,0.67776,High,Yes,Unknown
CVE-2025-20337,2025-07-28,Cisco,Identity Services Engine,10.0,0.00612,Medium,Yes,Unknown
CVE-2023-2533,2025-07-28,PaperCut,NG/MF,8.4,0.36322,Medium,Yes,Unknown
CVE-2025-20281,2025-07-28,Cisco,Identity Services Engine,10.0,0.24787,Medium,Yes,Unknown
CVE-2020-25079,2025-08-05,D-Link,DCS-2530L and DCS-2670L Devices,8.8,0.4499,Medium,No,Unknown
CVE-2020-25078,2025-08-05,D-Link,DCS-2530L and DCS-2670L Devices,7.5,0.94229,High,Yes,Unknown
CVE-2022-40799,2025-08-05,D-Link,DNR-322L,8.8,0.43771,Medium,Yes,Unknown
CVE-2013-3893,2025-08-12,Microsoft,Internet Explorer,8.8,0.81212,High,Yes,Unknown
CVE-2007-0671,2025-08-12,Microsoft,Office,8.8,0.67727,High,No,Unknown
CVE-2025-8088,2025-08-12,RARLAB,WinRAR,8.4,0.04613,Medium,Yes,Unknown
CVE-2025-8875,2025-08-13,N-able,N-Central,9.4,0.02414,Medium,Yes,Unknown
CVE-2025-8876,2025-08-13,N-able,N-Central,9.4,0.06075,Medium,Yes,Unknown
CVE-2025-54948,2025-08-18,Trend Micro,Apex One,9.4,0.20462,Medium,No,Unknown
CVE-2025-43300,2025-08-21,Apple,"iOS, iPadOS, and macOS",8.8,0.01009,Medium,Yes,Unknown
CVE-2025-48384,2025-08-25,Git,Git,8.0,0.00325,Medium,Yes,Unknown
CVE-2024-8069,2025-08-25,Citrix,Session Recording,5.1,0.48286,Medium,Yes,Unknown
CVE-2024-8068,2025-08-25,Citrix,Session Recording,5.1,0.07012,Medium,No,Unknown
CVE-2025-7775,2025-08-26,Citrix,NetScaler,9.2,0.11555,Medium,Yes,Unknown
CVE-2025-57819,2025-08-29,Sangoma,FreePBX,10.0,0.76165,High,Yes,Unknown
CVE-2025-55177,2025-09-02,Meta Platforms,WhatsApp,8.0,0.01218,Medium,No,Unknown
CVE-2020-24363,2025-09-02,TP-Link,TL-WA855RE,8.8,0.1107,Medium,Yes,Unknown
CVE-2023-50224,2025-09-03,TP-Link,TL-WR841N,6.5,0.01455,Medium,No,Unknown
CVE-2025-9377,2025-09-03,TP-Link,Multiple Routers,8.6,0.11148,Medium,No,Unknown
CVE-2025-53690,2025-09-04,Sitecore,Multiple Products,9.0,0.08727,Medium,Yes,Unknown
CVE-2025-48543,2025-09-04,Android,Runtime,8.8,0.00287,Medium,Yes,Unknown
CVE-2025-38352,2025-09-04,Linux,Kernel,7.4,0.00048,Medium,Yes,Unknown
CVE-2025-5086,2025-09-11,Dassault Systèmes,DELMIA Apriso,9.0,0.42449,Medium,Yes,Unknown
CVE-2025-10585,2025-09-23,Google,Chromium V8,8.8,0.00886,Medium,Yes,Unknown
CVE-2025-20362,2025-09-25,Cisco,Secure Firewall Adaptive Security Appliance and Secure Firewall Threat Defense,6.5,0.41474,Medium,No,Unknown
CVE-2025-20333,2025-09-25,Cisco,Secure Firewall Adaptive Security Appliance and Secure Firewall Threat Defense,9.9,0.09859,Medium,Yes,Unknown
CVE-2025-20352,2025-09-29,Cisco,IOS and IOS XE,7.7,0.02401,Medium,Yes,Unknown
CVE-2025-59689,2025-09-29,Libraesva,Email Security Gateway,6.1,0.12807,Medium,No,Unknown
CVE-2021-21311,2025-09-29,Adminer,Adminer,7.2,0.93872,High,Yes,Unknown
CVE-2025-32463,2025-09-29,Sudo,Sudo,9.3,0.20083,Medium,Yes,Unknown
CVE-2025-10035,2025-09-29,Fortra,GoAnywhere MFT,10.0,0.61753,High,Yes,Unknown
CVE-2017-1000353,2025-10-02,Jenkins,Jenkins,9.8,0.94508,Critical,Yes,Unknown
CVE-2025-4008,2025-10-02,Smartbedded,Meteobridge,8.7,0.49413,Medium,No,Unknown
CVE-2014-6278,2025-10-02,GNU,GNU Bash,8.8,0.90474,High,Yes,Unknown
CVE-2025-21043,2025-10-02,Samsung,Mobile Devices,8.8,0.11373,Medium,No,Unknown
CVE-2015-7755,2025-10-02,Juniper,ScreenOS,9.8,0.85799,High,Yes,Unknown
CVE-2011-3402,2025-10-06,Microsoft,Windows,8.8,0.89217,High,No,Unknown
CVE-2021-43226,2025-10-06,Microsoft,Windows,7.8,0.08432,Medium,Yes,Unknown
CVE-2013-3918,2025-10-06,Microsoft,Windows,8.8,0.86101,High,Yes,Unknown
CVE-2010-3765,2025-10-06,Mozilla,Multiple Products,9.8,0.87446,High,Yes,Unknown
CVE-2010-3962,2025-10-06,Microsoft,Internet Explorer,8.1,0.8703,High,Yes,Unknown
CVE-2021-22555,2025-10-06,Linux,Kernel,8.3,0.85239,High,Yes,Unknown
CVE-2025-61882,2025-10-06,Oracle,E-Business Suite,9.8,0.86887,High,Yes,Known
CVE-2025-27915,2025-10-07,Synacor,Zimbra Collaboration Suite (ZCS),5.4,0.29359,Medium,No,Unknown
CVE-2021-43798,2025-10-09,Grafana Labs,Grafana,7.5,0.94438,High,Yes,Unknown
CVE-2025-24990,2025-10-14,Microsoft,Windows,7.8,0.06862,Medium,Yes,Unknown
CVE-2025-47827,2025-10-14,IGEL,IGEL OS,4.6,0.00849,Low,Yes,Unknown
CVE-2016-7836,2025-10-14,SKYSEA,Client View,9.8,0.35342,Medium,No,Unknown
CVE-2025-59230,2025-10-14,Microsoft,Windows,7.8,0.07339,Medium,Yes,Unknown
CVE-2025-6264,2025-10-14,Rapid7,Velociraptor,5.5,0.00064,Medium,Yes,Known
CVE-2025-54253,2025-10-15,Adobe,Experience Manager (AEM) Forms,10.0,0.441,Medium,Yes,Unknown
CVE-2025-33073,2025-10-20,Microsoft,Windows,8.8,0.54075,High,Yes,Unknown
CVE-2025-2747,2025-10-20,Kentico,Xperience CMS,9.8,0.88933,High,No,Unknown
CVE-2022-48503,2025-10-20,Apple,Multiple Products,8.8,0.00325,Medium,No,Unknown
CVE-2025-61884,2025-10-20,Oracle,E-Business Suite,7.5,0.44073,Medium,Yes,Unknown
CVE-2025-2746,2025-10-20,Kentico,Xperience CMS,9.8,0.87412,High,No,Unknown
CVE-2025-61932,2025-10-22,Motex,LANSCOPE Endpoint Manager,9.3,0.08676,Medium,Yes,Unknown
CVE-2025-54236,2025-10-24,Adobe,Commerce and Magento,9.1,0.57715,High,Yes,Unknown
CVE-2025-59287,2025-10-24,Microsoft,Windows,9.8,0.71362,High,Yes,Unknown
CVE-2025-6205,2025-10-28,Dassault Systèmes,DELMIA Apriso,9.1,0.49541,Medium,No,Unknown
CVE-2025-6204,2025-10-28,Dassault Systèmes,DELMIA Apriso,8.0,0.0882,Medium,No,Unknown
CVE-2025-41244,2025-10-30,Broadcom,VMware Aria Operations and VMware Tools,7.8,0.00958,Medium,Yes,Unknown
CVE-2025-24893,2025-10-30,XWiki,Platform,9.8,0.94241,Critical,Yes,Unknown
CVE-2025-11371,2025-11-04,Gladinet,CentreStack and Triofox,7.5,0.66002,High,Yes,Unknown
CVE-2025-48703,2025-11-04,CWP,Control Web Panel,9.0,0.6426,High,Yes,Unknown
CVE-2025-21042,2025-11-10,Samsung,Mobile Devices,8.8,0.03249,Medium,Yes,Unknown
CVE-2025-62215,2025-11-12,Microsoft,Windows,7.0,0.00664,Medium,Yes,Unknown
CVE-2025-12480,2025-11-12,Gladinet,Triofox,9.1,0.75247,High,Yes,Unknown
CVE-2025-9242,2025-11-12,WatchGuard,Firebox,9.3,0.75263,High,Yes,Unknown
CVE-2025-64446,2025-11-14,Fortinet,FortiWeb,9.8,0.89715,High,Yes,Unknown
CVE-2025-58034,2025-11-18,Fortinet,FortiWeb,7.2,0.47625,Medium,Yes,Unknown
CVE-2025-13223,2025-11-19,Google,Chromium V8,8.8,0.01331,Medium,No,Unknown
CVE-2025-61757,2025-11-21,Oracle,Fusion Middleware,9.8,0.82159,High,Yes,Unknown
CVE-2021-26829,2025-11-28,OpenPLC,ScadaBR,5.4,0.1357,Medium,No,Unknown
CVE-2025-48633,2025-12-02,Android,Framework,7.8,0.00158,Medium,Yes,Unknown
CVE-2025-48572,2025-12-02,Android,Framework,7.8,0.00248,Medium,No,Unknown
CVE-2021-26828,2025-12-03,OpenPLC,ScadaBR,8.8,0.78546,High,Yes,Unknown
CVE-2025-55182,2025-12-05,Meta,React Server Components,10.0,0.57937,High,Yes,Unknown
CVE-2022-37055,2025-12-08,D-Link,Routers,9.8,0.7018,High,No,Unknown
CVE-2025-66644,2025-12-08,Array Networks ,ArrayOS AG,7.2,0.02934,Medium,Yes,Unknown
CVE-2025-6218,2025-12-09,RARLAB,WinRAR,7.8,0.05469,Medium,Yes,Unknown
CVE-2025-62221,2025-12-09,Microsoft,Windows,7.8,0.03213,Medium,Yes,Unknown
CVE-2025-58360,2025-12-11,OSGeo,GeoServer,8.2,0.82028,High,Yes,Unknown
CVE-2018-4063,2025-12-12,Sierra Wireless,AirLink ALEOS,8.8,0.00802,Medium,No,Unknown
CVE-2025-14174,2025-12-12,Google,Chromium,8.8,0.00668,Medium,Yes,Unknown
CVE-2025-14611,2025-12-15,Gladinet,CentreStack and Triofox,7.1,0.6154,High,Yes,Unknown
CVE-2025-43529,2025-12-15,Apple,Multiple Products,8.8,0.00018,Medium,Yes,Unknown
CVE-2025-59718,2025-12-16,Fortinet,Multiple Products,9.8,0.02273,Medium,Yes,Unknown
CVE-2025-59374,2025-12-17,ASUS,Live Update,9.3,0.30925,Medium,No,Unknown
CVE-2025-20393,2025-12-17,Cisco,Multiple Products,10.0,0.06138,Medium,Yes,Unknown
CVE-2025-40602,2025-12-17,SonicWall,SMA1000 appliance,6.6,0.00314,Medium,Yes,Unknown
CVE-2025-14733,2025-12-19,WatchGuard,Firebox,9.3,0.40662,Medium,Yes,Unknown
CVE-2023-52163,2025-12-22,Digiever,DS-2105 Pro,8.8,0.69152,High,No,Unknown
CVE-2025-14847,2025-12-29,MongoDB,MongoDB and MongoDB Server,8.7,0.58194,High,Yes,Unknown
CVE-2009-0556,2026-01-07,Microsoft,Office,8.8,0.76763,High,No,Unknown
CVE-2025-37164,2026-01-07,Hewlett Packard (HP),OneView,10.0,0.86712,High,Yes,Unknown
CVE-2025-8110,2026-01-12,Gogs,Gogs,8.7,0.24898,Medium,Yes,Unknown
CVE-2026-20805,2026-01-13,Microsoft,Windows,5.5,0.05512,Medium,Yes,Unknown
CVE-2026-20045,2026-01-21,Cisco,Unified Communications Manager,8.2,0.01101,Medium,Yes,Unknown
CVE-2025-34026,2026-01-22,Versa,Concerto,9.2,0.45819,Medium,No,Unknown
CVE-2025-68645,2026-01-22,Synacor, Zimbra Collaboration Suite (ZCS),8.8,0.2623,Medium,Yes,Unknown
CVE-2025-54313,2026-01-22,Prettier,eslint-config-prettier,7.5,0.04071,Medium,Yes,Unknown
CVE-2025-31125,2026-01-22,Vite,Vitejs,5.3,0.6597,High,Yes,Unknown
CVE-2024-37079,2026-01-23,Broadcom,VMware vCenter Server,9.8,0.79309,High,No,Unknown
CVE-2025-52691,2026-01-26,SmarterTools,SmarterMail,10.0,0.79965,High,Yes,Unknown
CVE-2026-24061,2026-01-26,GNU,InetUtils,9.8,0.29552,Medium,Yes,Unknown
CVE-2026-23760,2026-01-26,SmarterTools,SmarterMail,9.3,0.52362,High,Yes,Unknown
CVE-2018-14634,2026-01-26,Linux,Kernal,7.8,0.19488,Medium,Yes,Unknown
CVE-2026-21509,2026-01-26,Microsoft,Office,7.8,0.02829,Medium,Yes,Unknown
CVE-2026-24858,2026-01-27,Fortinet,Multiple Products,9.8,0.03136,Medium,Yes,Unknown
CVE-2026-1281,2026-01-29,Ivanti,Endpoint Manager Mobile (EPMM),9.8,0.14889,Medium,No,Unknown
CVE-2019-19006,2026-02-03,Sangoma,FreePBX,9.8,0.36615,Medium,No,Unknown
CVE-2025-64328,2026-02-03,Sangoma,FreePBX ,8.6,0.84618,High,No,Unknown
CVE-2021-39935,2026-02-03,GitLab,Community and Enterprise Editions,6.8,0.35649,Medium,No,Unknown
CVE-2025-40551,2026-02-03,SolarWinds,Web Help Desk,9.8,0.83622,High,No,Unknown
CVE-2025-11953,2026-02-05,React Native Community,CLI,9.8,0.9398,Critical,No,Unknown
CVE-2026-24423,2026-02-05,SmarterTools,SmarterMail,9.3,0.88177,High,No,Known
CVE-2026-21525,2026-02-10,Microsoft,Windows,6.2,0.05042,Medium,No,Unknown
CVE-2026-21514,2026-02-10,Microsoft,Office,7.8,0.01544,Medium,No,Unknown
CVE-2026-21533,2026-02-10,Microsoft,Windows,7.8,0.03913,Medium,No,Unknown
CVE-2026-21510,2026-02-10,Microsoft,Windows,8.8,0.26244,Medium,No,Unknown
CVE-2026-21519,2026-02-10,Microsoft,Windows,7.8,0.02462,Medium,No,Unknown
CVE-2026-21513,2026-02-10,Microsoft,Windows,8.8,0.15642,Medium,No,Unknown
CVE-2025-15556,2026-02-12,Notepad++,Notepad++,7.7,0.01747,Medium,No,Unknown
CVE-2024-43468,2026-02-12,Microsoft,Configuration Manager,9.8,0.82022,High,No,Unknown
CVE-2026-20700,2026-02-12,Apple,Multiple Products,7.8,0.01343,Medium,No,Unknown
CVE-2025-40536,2026-02-12,SolarWinds,Web Help Desk,8.1,0.8196,High,No,Unknown
CVE-2026-1731,2026-02-13,BeyondTrust,Remote Support (RS) and Privileged Remote Access (PRA),9.9,0.895,High,No,Known
CVE-2020-7796,2026-02-17,Synacor,Zimbra Collaboration Suite,9.8,0.84418,High,No,Unknown
CVE-2024-7694,2026-02-17,TeamT5,ThreatSonar Anti-Ransomware,7.2,0.01807,Medium,No,Unknown
CVE-2026-2441,2026-02-17,Google,Chromium,8.8,0.22378,Medium,Yes,Unknown
CVE-2008-0015,2026-02-17,Microsoft,Windows,8.8,0.76733,High,Yes,Unknown
CVE-2026-22769,2026-02-18,Dell,RecoverPoint for Virtual Machines (RP4VMs),10.0,0.13345,Medium,No,Unknown
CVE-2021-22175,2026-02-18,GitLab,GitLab,6.8,0.53372,High,No,Unknown
CVE-2025-68461,2026-02-20,Roundcube,Webmail,7.2,0.26842,Medium,No,Unknown
CVE-2025-49113,2026-02-20,Roundcube,Webmail,9.9,0.98897,Critical,Yes,Unknown
CVE-2026-25108,2026-02-24,Soliton Systems K.K,FileZen,8.7,0.05066,Medium,No,Unknown
CVE-2026-20127,2026-02-25,Cisco,Catalyst SD-WAN Controller and Manager,10.0,0.88243,High,No,Unknown
CVE-2022-20775,2026-02-25,Cisco,SD-WAN,7.8,0.12475,Medium,No,Unknown
CVE-2026-22719,2026-03-03,Broadcom,VMware Aria Operations,8.1,0.17424,Medium,No,Unknown
CVE-2026-21385,2026-03-03,Qualcomm,Multiple Chipsets,7.8,0.01287,Medium,No,Unknown
CVE-2017-7921,2026-03-05,Hikvision,Multiple Products,9.8,0.99998,Critical,No,Unknown
CVE-2021-22681,2026-03-05,Rockwell,Multiple Products,9.8,0.6363,High,No,Unknown
CVE-2021-30952,2026-03-05,Apple,Multiple Products,7.8,0.06964,Medium,No,Unknown
CVE-2023-41974,2026-03-05,Apple,iOS and iPadOS,7.8,0.01398,Medium,No,Unknown
CVE-2023-43000,2026-03-05,Apple,Multiple Products,8.8,0.03898,Medium,No,Unknown
CVE-2021-22054,2026-03-09,Omnissa,Workspace One UEM,7.5,0.97369,High,No,Unknown
CVE-2026-1603,2026-03-09,Ivanti, Endpoint Manager (EPM),8.6,0.8056,High,No,Unknown
CVE-2025-26399,2026-03-09,SolarWinds,Web Help Desk,9.8,0.895,High,No,Known
CVE-2025-68613,2026-03-11,n8n,n8n,9.9,0.99105,Critical,No,Unknown
CVE-2026-3909,2026-03-13,Google,Skia,8.8,0.01629,Medium,No,Unknown
CVE-2026-3910,2026-03-13,Google,Chromium V8,8.8,0.02,Medium,No,Unknown
CVE-2025-47813,2026-03-16,Wing FTP Server,Wing FTP Server,4.3,0.62967,Medium,No,Unknown
CVE-2025-66376,2026-03-18,Synacor,Zimbra Collaboration Suite (ZCS),7.2,0.19559,Medium,No,Unknown
CVE-2026-20963,2026-03-18,Microsoft,SharePoint,9.8,0.32613,Medium,No,Unknown
CVE-2026-20131,2026-03-19,Cisco,Secure Firewall Management Center (FMC),10.0,0.33379,Medium,No,Known
CVE-2025-54068,2026-03-20,Laravel,Livewire,9.2,0.97072,Critical,No,Unknown
CVE-2025-43520,2026-03-20,Apple,Multiple Products,5.5,0.00425,Medium,No,Unknown
CVE-2025-43510,2026-03-20,Apple,Multiple Products,7.8,0.00355,Medium,No,Unknown
CVE-2025-32432,2026-03-20,Craft CMS,Craft CMS,10.0,0.99785,Critical,Yes,Unknown
CVE-2025-31277,2026-03-20,Apple,Multiple Products,8.8,0.01534,Medium,No,Unknown
CVE-2026-33017,2026-03-25,Langflow,Langflow,9.3,0.96177,Critical,Yes,Unknown
CVE-2026-33634,2026-03-26,Aquasecurity,Trivy,9.4,0.59164,High,No,Unknown
CVE-2025-53521,2026-03-27,F5,BIG-IP,9.3,0.02295,Medium,No,Unknown
CVE-2026-3055,2026-03-30,Citrix,NetScaler,9.3,0.87166,High,No,Unknown
CVE-2026-5281,2026-04-01,Google,Dawn,8.8,0.04938,Medium,No,Unknown
CVE-2026-3502,2026-04-02,TrueConf,Client,7.8,0.05746,Medium,No,Unknown
CVE-2026-35616,2026-04-06,Fortinet,FortiClient EMS,9.8,0.90749,Critical,No,Unknown
CVE-2026-1340,2026-04-08,Ivanti,Endpoint Manager Mobile (EPMM),9.8,0.98676,Critical,No,Unknown
CVE-2026-21643,2026-04-13,Fortinet,FortiClient EMS,9.8,0.94085,Critical,No,Unknown
CVE-2023-36424,2026-04-13,Microsoft,Windows,7.8,0.12184,Medium,No,Unknown
CVE-2026-34621,2026-04-13,Adobe,Acrobat and Reader,8.6,0.07086,Medium,No,Unknown
CVE-2025-60710,2026-04-13,Microsoft,Windows,7.8,0.04598,Medium,No,Known
CVE-2023-21529,2026-04-13,Microsoft,Exchange Server,8.8,0.62104,High,No,Known
CVE-2020-9715,2026-04-13,Adobe,Acrobat,7.8,0.48595,Medium,No,Unknown
CVE-2012-1854,2026-04-13,Microsoft,Visual Basic for Applications (VBA),7.8,0.21028,Medium,No,Unknown
CVE-2026-32201,2026-04-14,Microsoft,SharePoint Server,6.5,0.43378,Medium,No,Unknown
CVE-2009-0238,2026-04-14,Microsoft,Office,8.8,0.43212,Medium,No,Unknown
CVE-2026-34197,2026-04-16,Apache,ActiveMQ,8.8,0.98256,High,No,Unknown
CVE-2025-2749,2026-04-20,Kentico,Kentico Xperience,7.2,0.03986,Medium,No,Unknown
CVE-2025-48700,2026-04-20,Synacor,Zimbra Collaboration Suite (ZCS),6.1,0.0169,Medium,No,Unknown
CVE-2024-27199,2026-04-20,JetBrains,TeamCity,7.3,0.99991,High,No,Known
CVE-2025-32975,2026-04-20,Quest,KACE Systems Management Appliance (SMA),10.0,0.02458,Medium,No,Unknown
CVE-2023-27351,2026-04-20,PaperCut,NG/MF,7.5,0.78052,High,No,Known
CVE-2026-20133,2026-04-20,Cisco,Catalyst SD-WAN Manager,6.5,0.31353,Medium,No,Unknown
CVE-2026-20122,2026-04-20,Cisco,Catalyst SD-WAN Manger,5.4,0.24585,Medium,No,Unknown
CVE-2026-20128,2026-04-20,Cisco,Catalyst SD-WAN Manager,7.5,0.07663,Medium,No,Unknown
CVE-2026-33825,2026-04-22,Microsoft,Defender,7.8,0.06749,Medium,No,Known
CVE-2026-39987,2026-04-23,Marimo,Marimo,9.3,0.99564,Critical,Yes,Unknown
CVE-2025-29635,2026-04-24,D-Link,DIR-823X,7.2,0.87944,High,No,Unknown
CVE-2024-57726,2026-04-24,SimpleHelp ,SimpleHelp,9.9,0.66601,High,No,Known
CVE-2024-57728,2026-04-24,SimpleHelp ,SimpleHelp,7.2,0.06982,Medium,No,Known
CVE-2024-7399,2026-04-24,Samsung,MagicINFO 9 Server,8.8,0.91941,High,No,Unknown
CVE-2026-32202,2026-04-28,Microsoft,Windows,4.3,0.63686,Medium,Yes,Unknown
CVE-2024-1708,2026-04-28,ConnectWise,ScreenConnect,8.4,0.9549,High,No,Known
CVE-2026-41940,2026-04-30,WebPros,cPanel & WHM and WP2 (WordPress Squared),9.3,0.98527,Critical,Yes,Known
CVE-2026-31431,2026-05-01,Linux,Kernel,7.8,0.99907,High,No,Unknown
CVE-2026-0300,2026-05-06,Palo Alto Networks,PAN-OS,9.3,0.31725,Medium,No,Unknown
CVE-2026-6973,2026-05-07,Ivanti,Endpoint Manager Mobile (EPMM),7.2,0.34454,Medium,No,Unknown
CVE-2026-42208,2026-05-08,BerriAI,LiteLLM,9.3,0.8942,High,No,Unknown
CVE-2026-20182,2026-05-14,Cisco,Catalyst SD-WAN,10.0,0.91522,Critical,No,Unknown
CVE-2026-42897,2026-05-15,Microsoft,Microsoft,8.1,0.71766,High,No,Unknown
CVE-2008-4250,2026-05-20,Microsoft,Windows,9.8,0.98751,Critical,Yes,Unknown
CVE-2009-3459,2026-05-20,Adobe,Acrobat and Reader,8.8,0.86583,High,Yes,Unknown
CVE-2010-0249,2026-05-20,Microsoft,Internet Explorer,8.8,0.91939,High,Yes,Unknown
CVE-2009-1537,2026-05-20,Microsoft,DirectX,8.8,0.51207,High,No,Unknown
CVE-2026-41091,2026-05-20,Microsoft,Defender,7.8,0.08202,Medium,No,Unknown
CVE-2026-45498,2026-05-20,Microsoft,Defender,4.0,0.63076,Medium,No,Unknown
CVE-2010-0806,2026-05-20,Microsoft,Internet Explorer,8.8,0.82172,High,Yes,Unknown
CVE-2026-34926,2026-05-21,Trend Micro,Apex One,6.7,0.12682,Medium,No,Unknown
CVE-2025-34291,2026-05-21,Langflow,Langflow,9.4,0.83629,High,No,Unknown
CVE-2026-9082,2026-05-22,Drupal,Core,9.8,0.89986,High,Yes,Unknown
CVE-2026-48172,2026-05-26,LiteSpeed,cPanel Plugin,10.0,0.18914,Medium,No,Unknown
CVE-2026-45321,2026-05-27,TanStack,TanStack,9.6,0.02342,Medium,No,Known
CVE-2026-48027,2026-05-27,Nx,Nx Console,9.3,0.0185,Medium,No,Known
CVE-2026-8398,2026-05-27,Daemon,Daemon Tools Lite,9.3,0.01456,Medium,No,Unknown
CVE-2026-0257,2026-05-29,Palo Alto Networks,PAN-OS,7.8,0.95156,High,No,Known
CVE-2024-21182,2026-06-01,Oracle,WebLogic Server,7.5,0.74162,High,No,Unknown
CVE-2025-48595,2026-06-02,Android,Framework,8.4,0.01714,Medium,No,Unknown
CVE-2022-0492,2026-06-02,Linux,Kernel,7.8,0.05528,Medium,No,Unknown
CVE-2026-45247,2026-06-03,Mirasvit,Mirasvit Full Page Cache Warmer,9.3,0.27546,Medium,No,Unknown
CVE-2026-28318,2026-06-05,SolarWinds,Serv-U,7.5,0.40012,Medium,No,Unknown
CVE-2026-42271,2026-06-08,BerriAI,LiteLLM,8.7,0.83594,High,No,Unknown
CVE-2026-50751,2026-06-08,Check Point,Security Gateway,9.3,0.83771,High,No,Known
CVE-2026-20245,2026-06-09,Cisco,Catalyst SD-WAN Manager,7.8,0.25323,Medium,No,Unknown
CVE-2026-11645,2026-06-09,Google,Chromium V8,8.8,0.0219,Medium,No,Unknown
CVE-2026-7473,2026-06-09,Arista,Extensible Operating System,6.9,0.01108,Medium,No,Unknown
CVE-2026-10520,2026-06-11,Ivanti,Sentry,10.0,0.99915,Critical,No,Unknown
CVE-2026-35273,2026-06-12,Oracle, PeopleSoft Enterprise PeopleTools,9.8,0.95473,Critical,No,Known
CVE-2026-20262,2026-06-15,Cisco,Catalyst SD-WAN Manager,6.5,0.28171,Medium,No,Unknown
CVE-2026-54420,2026-06-15,LiteSpeed,cPanel Plugin,8.5,0.01439,Medium,No,Unknown
CVE-2026-48907,2026-06-16,Widget Factory,Joomla Content Editor ,10.0,0.781,High,Yes,Unknown
CVE-2026-20253,2026-06-18,Splunk,Enterprise,9.8,0.96939,Critical,No,Unknown
CVE-2026-34908,2026-06-23,Ubiquiti,UniFi OS,10.0,0.85194,High,No,Unknown
CVE-2026-34909,2026-06-23,Ubiquiti,UniFi OS,10.0,0.65044,High,No,Unknown
CVE-2026-34910,2026-06-23,Ubiquiti,UniFi OS,10.0,0.87468,High,No,Unknown
CVE-2025-67038,2026-06-23,Lantronix,EDS5000,9.3,0.1926,Medium,No,Unknown
CVE-2026-20230,2026-06-25,Cisco,Unified Communications Manager,8.6,0.882,High,No,Unknown
CVE-2026-12569,2026-06-25,PTC,Windchill and FlexPLM,9.3,0.40586,Medium,No,Known
CVE-2026-48558,2026-06-29,SimpleHelp ,SimpleHelp,9.5,0.64313,High,No,Unknown
CVE-2026-45659,2026-07-01,Microsoft,SharePoint Server,8.8,0.76075,High,No,Known
CVE-2026-48282,2026-07-07,Adobe,ColdFusion,10.0,0.42388,Medium,No,Unknown
CVE-2026-56290,2026-07-07,Joomlack,Page Builder,10.0,0.30866,Medium,Yes,Unknown
CVE-2026-55255,2026-07-07,Langflow,Langflow,8.4,0.00887,Medium,No,Unknown
CVE-2026-48908,2026-07-07,JoomShaper,SP Page Builder,10.0,0.15086,Medium,No,Unknown
CVE-2026-56291,2026-07-10,Balbooa,Forms,10.0,0.14854,Medium,No,Unknown
CVE-2026-48939,2026-07-10,iCagenda,iCagenda,10.0,0.20069,Medium,No,Unknown
CVE-2008-4128,2026-07-13,Cisco,IOS,8.1,0.33917,Medium,Yes,Unknown
CVE-2026-15410,2026-07-14,SonicWall,SMA1000 Appliances,7.2,0.11791,Medium,No,Known
CVE-2026-15409,2026-07-14,SonicWall,SMA1000 Appliances,10.0,0.84535,High,No,Known
CVE-2026-56164,2026-07-14,Microsoft,SharePoint Server,5.3,0.26636,Medium,No,Unknown
CVE-2026-56155,2026-07-14,Microsoft,Active Directory Federation Services,7.8,0.00346,Medium,No,Unknown
CVE-2023-4346,2026-07-15,KNX Association,KNX Protocol Connection Authorization Option 1,7.5,0.01294,Medium,No,Unknown
CVE-2026-46817,2026-07-15,Oracle,E-Business Suite,9.8,0.13017,Medium,No,Unknown
CVE-2026-39808,2026-07-16,Fortinet,FortiSandbox,9.8,0.92819,Critical,No,Unknown
CVE-2026-25089,2026-07-16,Fortinet,FortiSandbox,9.8,0.76112,High,No,Unknown
CVE-2026-58644,2026-07-16,Microsoft,SharePoint,9.8,0.60944,High,No,Unknown
CVE-2026-63030,2026-07-21,WordPress,Core,9.8,0.97271,Critical,No,Unknown
CVE-2026-60137,2026-07-21,WordPress,Core,5.9,0.78305,High,No,Unknown
CVE-2026-0770,2026-07-21,Langflow,Langflow,9.8,0.63839,High,Yes,Unknown
CVE-2021-27137,2026-07-21,DD-WRT,DD-WRT,8.1,0.03995,Medium,No,Unknown
CVE-2026-50522,2026-07-22,Microsoft,SharePoint,9.8,0.854,High,No,Unknown
CVE-2026-16232,2026-07-22,Check Point,SmartConsole,9.3,0.72051,High,No,Unknown
CVE-2026-16812,2026-07-27,Arista,VeloCloud Orchestrator,10.0,0.01568,Medium,No,Unknown
CVE-2025-68686,2026-07-27,Fortinet,FortiOS,5.9,0.29601,Medium,No,Unknown
CVE-2026-20316,2026-07-29,Cisco,Secure Firewall Management Center (FMC),5.3,0.11153,Medium,No,Known
CVE-2026-18577,2026-08-03,N-able,N-central,8.2,0.54068,High,No,Unknown
CVE-2026-9198,2026-08-04,IBM,Langflow,9.8,0.60597,High,Yes,Unknown
CVE-2026-34486,2026-08-04,Apache,Tomcat,7.5,0.98616,High,No,Unknown
CVE-2026-18556,2026-08-04,N-able,N-central,8.2,0.40158,Medium,No,Unknown
CVE-2026-63077,2026-08-05,JetBrains,TeamCity,9.8,0.86518,High,No,Known
CVE-2026-8037,2026-08-07,Progress,LoadMaster,9.6,0.99571,Critical,No,Unknown
CVE-2026-68820,2026-08-11,Microsoft,Windows Ancillary Function Driver for WinSock ,7.0,0.06184,Medium,No,Unknown
CVE-2026-20349,2026-08-11,Cisco,Secure Firewall Adaptive Security Appliance (ASA) and Secure Firewall Threat Defense (FTD) ,8.6,0.02213,Medium,No,Unknown
CVE-2026-72898,2026-08-11,Metabase,Metabase,10.0,0.94217,Critical,No,Unknown
CVE-2025-62593,2026-08-17,Ray-Project,Ray,9.4,0.16888,Medium,No,Unknown
CVE-2026-55040,2026-08-18,Microsoft,SharePoint,9.1,0.50585,High,No,Unknown
CVE-2026-65400,2026-08-18,Apple,macOS,9.8,0.10461,Medium,No,Unknown
CVE-2026-33824,2026-08-18,Microsoft,Internet Key Exchange (IKE) Service Extensions,9.8,0.72695,High,No,Unknown
CVE-2026-59310,2026-08-18,Broadcom,VMware vCenter,9.8,0.50377,High,No,Known
CVE-2026-64849,2026-08-19,MLflow,MLflow,9.3,0.1641,Medium,No,Unknown
CVE-2026-72529,2026-08-20,TrueConf,Server,9.3,0.01554,Medium,No,Unknown
CVE-2026-72530,2026-08-20,TrueConf,Server,9.5,0.01827,Medium,No,Unknown
CVE-2026-73570,2026-08-21,Synacor,Zimbra Collaboration Suite (ZCS),8.9,0.32383,Medium,No,Unknown
CVE-2026-21962,2026-08-24,Oracle,HTTP Server and Oracle Weblogic Server Proxy Plug-in,10.0,0.42475,Medium,No,Unknown
CVE-2026-60004,2026-08-25,Gitea,Gitea,9.8,0.86777,High,No,Unknown
CVE-2021-23758,2026-08-26,Ajax.NET Professional,Ajax.NET Professional,8.1,0.83633,High,No,Unknown
CVE-2015-3246,2026-08-26,Red Hat,Libuser,5.1,0.08799,Medium,Yes,Unknown
CVE-2015-5287,2026-08-26,Red Hat,Automatic Bug Reporting Tool,7.8,0.04962,Medium,Yes,Unknown
CVE-2026-8452,2026-08-26,Citrix,NetScaler ADC and NetScaler Gateway,8.8,0.01606,Medium,No,Unknown
CVE-2019-1068,2026-08-26,Microsoft,SQL Server,8.8,0.52845,High,No,Unknown
CVE-2022-0995,2026-08-26,Linux,Kernel,7.8,0.09441,Medium,No,Unknown
CVE-2026-53362,2026-08-27,Linux,Kernel,7.8,0.0051,Medium,No,Unknown
CVE-2023-49105,2026-08-27,ownCloud,ownCloud,9.8,0.43205,Medium,No,Unknown
CVE-2026-66384,2026-08-27,JFrog,Artifactory,5.3,0.00579,Medium,No,Unknown
CVE-2026-81578,2026-08-31,PaperCut,NG/MF,8.8,0.0329,Medium,No,Unknown
CVE-2026-82078,2026-08-31,PaperCut,NG/MF,9.4,0.03574,Medium,No,Unknown
CVE-2026-49869,2026-09-02,Kestra,Kestra OSS,10.0,0.01917,Medium,No,Unknown
CVE-2026-59822,2026-09-02,BerriAI,LiteLLM,8.8,0.0087,Medium,No,Unknown
CVE-2026-48710,2026-09-02,Kludex,Starlette,6.5,0.36257,Medium,No,Unknown
CVE-2026-82329,2026-09-02,JFrog,Artifactory,9.8,0.07666,Medium,No,Unknown
CVE-2026-9586,2026-09-02,Sangoma,Switchvox,9.3,0.11845,Medium,No,Unknown
CVE-2026-83548,2026-09-02,SonicWall,SMA1000 Appliances,10.0,0.04667,Medium,No,Unknown
CVE-2026-83549,2026-09-02,SonicWall,SMA1000 Appliances,7.8,0.08505,Medium,No,Unknown
CVE-2026-85046,2026-09-04,Google,Chromium V8,8.8,0.01462,Medium,No,Unknown
CVE-2026-81963,2026-09-08,Microsoft,Windows,7.8,0.00631,Medium,No,Unknown
CVE-2026-85880,2026-09-08,Microsoft,Windows,7.8,0.00572,Medium,No,Unknown
CVE-2026-75650,2026-09-08,Adobe,Commerce and Magento,10.0,0.02148,Medium,No,Unknown
CVE-2026-86218,2026-09-08,N-able,N-central,10.0,0.07494,Medium,No,Unknown
CVE-2026-20079,2026-09-09,Cisco,Secure Firewall Management Center (FMC) and Security Cloud Control (SCC) Firewall Management,10.0,0.75752,High,No,Unknown
CVE-2026-87491,2026-09-09,Google,Chromium V8,8.8,0.00997,Medium,No,Unknown
CVE-2025-25249,2026-09-09,Fortinet,Multiple Products,8.1,0.02403,Medium,No,Unknown
CVE-2026-19490,2026-09-09,Citrix,NetScaler,9.3,0.05597,Medium,No,Unknown
CVE-2026-86060,2026-09-10,MikroTik,RouterOS,9.2,0.01057,Medium,No,Unknown
CVE-2026-67277,2026-09-10,MikroTik,RouterOS,8.8,0.00869,Medium,No,Unknown
CVE-2026-85706,2026-09-11,GitLab,Community Edition and Enterprise Edition,10.0,0.09287,Medium,No,Unknown
CVE-2026-42018,2026-09-11,JFrog,Artifactory,7.5,0.11038,Medium,No,Unknown
CVE-2026-42016,2026-09-11,JFrog,Artifactory,8.1,0.09058,Medium,No,Unknown
CVE-2026-84869,2026-09-11,ConnectWise,ScreenConnect,9.9,0.00691,Medium,No,Unknown
CVE-2026-76461,2026-09-14,Cisco,Secure Email Gateway,9.8,0.02009,Medium,No,Unknown
CVE-2026-58704,2026-09-16,Google,Pixel,8.8,0.00207,Medium,No,Unknown
CVE-2026-87886,2026-09-16,Acronis,Backup,7.8,0.00254,Medium,No,Unknown
CVE-2026-76460,2026-09-16,Cisco,Identity Services Engine,10.0,0.00784,Medium,No,Unknown
CVE-2025-39682,2026-09-18,Linux,Kernel,9.8,0.0203,Medium,No,Unknown
CVE-2026-53266,2026-09-18,Linux,Kernel,8.8,0.00276,Medium,No,Unknown
CVE-2025-39964,2026-09-18,Linux,Kernel,7.8,0.0079,Medium,No,Unknown
CVE-2026-7273,2026-09-21,Zyxel,GS1900 Series Switches,8.8,0.0241,Medium,No,Unknown
CVE-2026-93616,2026-09-22,Check Point,Multiple Products,9.8,0.02422,Medium,No,Unknown
CVE-2026-94127,2026-09-22,F5,BIG-IP APM,9.3,0.01391,Medium,No,Unknown
CVE-2026-85102,2026-09-22,Check Point,Multiple Products,9.8,0.0066,Medium,No,Unknown
CVE-2026-93952,2026-09-22,Arista,VeloCloud Orchestrator,9.5,0.00741,Medium,No,Unknown
